,index,Agriculture,Green space and recreational land,High density residential with retail and commercial sites,Industrial areas,Large complex buildings various use (travel/recreation/ retail),Low density residential with amenities (suburbs and small villages / hamlets),Medium density residential with high streets and amenities,Principle Transport,Urban centres - mainly commercial/retail with residential pockets,Water,new_labels_0,new_labels_1,new_labels_2,new_labels_3,new_labels_4,new_labels_5,new_labels_6,new_labels_7,new_labels_8,supergroup
1,E00000477,0.0,2903.78,16697.7,0.0,0.0,10619.0,0.0,4229.39,0.0,0.0,1,2,3,3,5,1,4,4,4,3
2,E00006703,0.0,0.0,0.0,2738.67,0.0,45734.31,0.0,11016.06,0.0,0.0,5,2,4,5,3,1,2,3,2,5
3,E00004103,0.0,19211.47,0.0,0.0,0.0,69988.49,0.0,0.0,0.0,0.0,2,5,4,3,5,4,1,3,2,6
4,E00174942,0.0,0.0,7930.1,0.0,0.0,115.87,4782.97,0.0,0.0,0.0,5,1,1,6,4,1,4,3,5,3
5,E00019038,0.0,0.0,32436.25,0.0,0.0,0.0,0.0,0.0,99.38,0.0,5,1,5,5,4,4,4,4,1,5
6,E00003682,0.0,15417.1,25968.54,0.0,0.0,34052.79,0.0,0.0,0.0,0.0,1,4,3,0,0,4,4,4,1,6
7,E00017255,0.0,172.56,18959.98,0.0,0.0,28387.68,0.0,0.0,0.0,0.0,3,3,1,4,2,4,0,0,5,5
8,E00015128,0.0,0.0,0.0,0.0,0.0,44994.2,0.0,0.0,0.0,0.0,4,4,6,0,3,1,2,4,2,5
9,E00013041,0.0,0.0,0.0,0.0,0.0,34108.4,18146.64,0.0,0.0,0.0,1,1,6,0,0,4,2,2,1,5
10,E00015897,0.0,6861.77,3211.72,0.0,0.0,29092.93,249.42,0.0,250.4,0.0,1,3,5,0,0,1,0,4,1,3
11,E00012246,422.34,64061.39,0.0,0.0,0.0,34024.59,28891.87,2672.49,0.0,0.0,4,3,3,5,1,1,3,2,2,6
12,E00175000,0.0,0.0,0.0,6502.87,0.0,36348.48,0.0,0.0,0.0,174597.89,3,1,6,1,0,4,4,4,2,2
13,E00176280,0.0,499.39,17605.9,0.0,0.0,0.0,0.0,0.0,290.45000000000005,0.0,4,4,0,5,1,1,2,3,1,2
14,E00021532,0.0,0.0,4408.51,0.0,0.0,0.0,0.0,756.37,11830.41,70.4,3,4,4,3,1,4,1,2,2,2
15,E00000815,0.0,1988.7,12335.95,0.0,0.0,13327.43,0.0,0.0,0.0,0.0,1,6,5,0,3,4,4,2,0,5
16,E00013982,0.0,0.0,6399.219999999999,0.0,0.0,0.0,0.0,3365.12,5808.56,23.200000000000003,1,3,2,1,4,3,0,0,1,2
17,E00011362,0.0,793.1,0.0,0.0,0.0,6273.39,33947.78,0.0,0.0,0.0,2,1,4,3,2,3,0,0,5,7
18,E00000801,0.0,0.0,21435.06,1037.36,0.0,0.0,1.46,0.0,0.0,0.0,4,5,4,5,3,4,3,0,3,3
19,E00002251,0.0,2870.21,12978.73,0.0,0.0,19454.2,0.0,17710.0,0.0,0.0,0,0,0,0,0,1,0,0,1,8
20,E00019726,0.0,0.0,7362.85,0.0,0.0,0.0,6624.6,0.0,0.0,0.0,1,4,5,3,2,1,3,2,2,3
21,E00002043,0.0,0.0,0.0,0.0,0.0,5386.07,34780.61,0.0,0.0,0.0,3,5,3,5,5,4,1,1,4,5
22,E00007536,0.0,800.0,21567.03,0.0,0.0,24007.78,0.0,0.0,0.0,0.0,4,6,2,6,1,4,3,2,1,5
23,E00018733,0.0,224.69,0.0,0.0,0.0,34739.71,4306.53,0.0,0.0,0.0,4,5,5,1,4,1,2,4,4,5
24,E00020413,0.0,2686.82,121.07,0.0,25464.07,152445.28,6663.24,13476.39,456.82,0.0,1,5,2,0,0,1,0,0,1,5
25,E00017490,0.0,0.0,18318.62,0.0,0.0,0.0,0.0,0.0,6556.39,0.0,2,3,4,4,1,1,2,2,5,8
26,E00007947,0.0,0.0,13891.61,0.0,0.0,31803.47,0.0,0.0,0.0,0.0,2,5,6,1,4,4,3,2,2,8
27,E00015404,0.0,157.55,125.58,0.0,0.0,0.0,0.0,0.0,10636.59,0.0,2,4,5,3,5,1,3,1,2,3
28,E00008057,0.0,2418.52,2410.76,0.0,0.0,9172.87,2.79,3153.54,0.0,0.0,1,1,0,2,3,4,4,3,1,3
29,E00008336,0.0,0.0,14514.68,0.0,0.0,0.0,0.0,0.0,30.04,0.0,2,4,2,3,3,1,2,4,3,5
30,E00005285,0.0,111813.64,14089.44,0.0,0.0,17020.379999999997,10497.75,0.0,0.0,0.0,2,1,1,1,3,2,1,4,2,8
31,E00168079,0.0,0.0,3942.73,0.0,61.44,0.0,0.0,3578.6,19184.77,0.0,0,0,0,0,0,1,0,0,0,3
32,E00012783,0.0,6890.580000000001,0.0,0.0,0.0,4263.42,0.0,4306.44,28926.05,0.0,2,1,2,4,4,1,0,4,1,8
33,E00174943,0.0,0.0,8632.56,0.0,0.0,56.35,327.22,0.0,0.0,0.0,5,3,6,4,4,1,2,2,1,2
34,E00016378,0.0,11646.67,1512.4,0.0,0.0,18438.93,22151.99,140.54,0.0,0.0,1,0,2,0,4,1,0,0,1,5
35,E00002040,0.0,0.0,7.82,0.0,0.0,5498.03,23755.89,0.0,0.0,0.0,4,6,6,3,5,4,1,2,4,3
36,E00175109,0.0,55200.0,52596.55,13754.81,0.0,1095.11,44.54,17912.01,0.0,25730.06,1,0,0,0,0,1,0,4,0,2
37,E00002184,0.0,9137.43,0.0,0.0,0.0,51635.26,0.0,0.0,0.0,0.0,1,3,2,1,3,4,4,3,1,8
38,E00004909,0.0,0.0,3751.52,0.0,0.0,0.0,0.0,3449.65,14437.48,0.0,0,6,0,0,3,1,0,4,0,2
39,E00019956,0.0,0.0,18240.85,0.0,0.0,782.37,0.0,0.0,98.06,0.0,2,1,5,4,4,2,1,4,5,3
40,E00003468,0.0,34628.939999999995,0.0,0.0,0.0,100382.72,7804.77,27165.64,0.0,0.0,1,3,0,0,1,1,4,1,0,8
41,E00017688,0.0,0.0,59.45,186.81,0.0,8804.39,0.0,0.0,10338.83,0.0,5,3,6,5,1,4,1,2,3,3
42,E00007402,0.0,0.0,0.0,0.0,0.0,27.61,12099.83,0.0,0.0,0.0,4,4,6,0,0,4,0,4,2,3
43,E00006750,0.0,0.0,26799.53,0.0,682.58,119.86,0.0,0.0,7321.28,0.0,1,4,4,6,5,4,2,2,1,5
44,E00023635,0.0,0.0,0.0,0.0,0.0,0.0,0.0,0.0,10974.65,0.0,2,3,6,3,5,4,2,3,1,2
45,E00012992,0.0,0.0,56939.52,31917.99,0.0,14341.72,0.0,0.0,0.0,0.0,0,4,2,0,4,1,0,0,1,3
46,E00000241,0.0,0.0,618.95,0.0,0.0,0.0,14693.5,0.0,0.0,0.0,4,6,5,3,1,4,4,1,2,3
47,E00003155,0.0,21659.89,5442.06,0.0,0.0,38904.05,13765.85,621.16,0.0,0.0,1,3,6,0,3,4,2,4,2,4
48,E00020016,0.0,0.0,12050.7,0.0,0.0,0.0,0.0,4188.8,0.0,0.0,1,6,0,7,4,4,3,2,0,3
49,E00002240,0.0,0.0,46124.71,0.0,0.0,0.0,0.0,5569.51,0.0,0.0,1,5,2,0,0,1,0,0,0,8
50,E00001195,0.0,0.0,1904.63,0.0,0.0,60.84,62816.83,0.0,0.0,0.0,1,2,0,5,0,1,0,0,4,5
51,E00022791,0.0,0.0,21648.84,0.0,0.0,0.0,0.0,8049.38,12054.94,0.0,3,0,2,3,3,1,0,0,1,3
52,E00015950,0.0,0.0,0.0,0.0,0.0,13535.02,0.0,842.81,0.0,0.0,5,1,6,4,5,4,3,0,2,3
53,E00023774,0.0,3.9,109.47,0.0,0.0,29.51,9649.46,0.0,3726.05,0.0,3,4,3,0,0,1,0,3,1,3
54,E00013668,0.0,1.29,3893.55,0.0,0.0,3919.13,0.0,1643.42,0.0,0.0,2,3,3,0,0,1,2,2,0,3
55,E00010635,0.0,0.0,160.72,0.0,0.0,431.85,43699.94,0.0,0.0,0.0,2,4,3,4,1,3,2,4,2,5
56,E00018199,0.0,23052.54,103416.02,134144.2,0.0,59480.19,10767.39,33836.86,0.0,316836.22,1,0,0,0,4,4,2,0,2,3
57,E00000059,0.0,0.0,799.68,0.0,0.0,0.0,11811.29,20557.61,0.0,0.0,1,6,0,0,0,1,2,0,0,2
58,E00003093,0.0,0.0,0.0,0.0,0.0,0.0,0.0,0.0,12454.94,0.0,2,2,4,5,1,4,3,2,4,3
59,E00001566,0.0,468.79,446.41,0.0,0.0,37199.58,469.46,0.0,0.0,0.0,5,4,1,5,3,3,4,1,4,5
60,E00019948,0.0,0.0,3965.4,0.0,0.0,0.0,0.0,0.0,7663.44,0.0,4,1,4,5,0,4,2,4,5,2
61,E00005211,0.0,124315.69,20764.54,0.0,0.0,19335.64,853.3599999999999,4482.13,0.0,0.0,0,4,0,0,4,1,0,0,0,2
62,E00009602,0.0,8986.14,72.37,0.0,0.0,37767.06,0.0,3373.05,20242.55,0.0,5,4,2,3,0,4,4,1,2,2
63,E00167137,0.0,0.0,273.55,42.84,0.0,0.0,1077.81,6866.51,303.43,33013.25,3,3,4,1,1,4,2,2,2,2
64,E00006190,0.0,4797.46,6559.15,21337.89,0.0,92139.67,0.0,69745.23,3391.34,2725.6,1,6,0,3,0,3,0,4,0,5
65,E00007938,0.0,7940.14,2995.26,0.0,0.0,36014.450000000004,0.0,3522.02,0.0,0.0,1,6,0,0,0,1,2,2,1,8
66,E00010942,325.47,295.31,0.0,0.0,0.0,77163.35,0.0,0.0,0.0,0.0,2,2,3,0,0,3,1,1,2,8
67,E00002833,0.0,74164.28,0.0,0.0,0.0,32085.78,0.0,0.0,26317.07,0.0,1,4,5,6,4,4,3,1,1,2
68,E00000269,0.0,25273.83,0.0,0.0,0.0,28388.79,6649.71,0.0,0.0,0.0,3,2,1,0,0,4,0,0,3,5
69,E00017254,0.0,4.6,26189.61,173.63,0.0,7941.1,0.0,618.63,0.0,0.0,3,6,3,0,4,1,3,1,4,5
70,E00021914,0.0,18332.95,0.0,0.0,0.0,56683.61,254.18,15371.06,0.0,0.0,5,1,1,2,4,4,3,4,5,5
71,E00012769,0.0,32.86,1593.6,0.0,0.0,69.36,136.87,0.0,13555.57,0.0,2,1,4,5,4,4,0,3,2,2
72,E00020342,0.0,0.0,8294.97,2208.6,0.0,0.0,4026.39,0.0,0.0,0.0,3,4,6,5,3,4,2,0,2,2
73,E00016637,0.0,17025.19,44151.240000000005,17833.09,0.0,0.0,0.0,28665.26,6098.91,0.0,0,6,0,0,4,1,0,0,0,3
74,E00001427,0.0,33.0,0.0,0.0,0.0,20087.06,20201.86,1829.2,0.0,0.0,1,1,3,0,3,1,0,1,2,8
75,E00018810,0.0,0.0,31897.56,0.0,0.0,6035.92,45.41,0.0,0.0,0.0,3,5,3,0,4,1,2,4,1,5
76,E00014633,0.0,30.39,22997.36,0.0,0.0,16.2,9.64,0.0,0.0,0.0,3,3,0,0,1,4,0,4,1,3
77,E00013597,0.0,0.0,3127.21,0.0,0.0,6654.47,0.0,16039.2,32149.32,0.0,3,0,2,1,0,3,2,1,1,2
78,E00171089,0.0,1977.92,16679.95,0.0,0.0,19652.46,16886.28,6490.4400000000005,0.0,0.0,1,1,0,0,3,1,0,0,1,5
79,E00017451,0.0,13884.739999999998,0.0,0.0,0.0,44030.6,0.0,0.0,0.0,0.0,5,4,5,3,3,4,1,4,2,5
80,E00174956,0.0,58.33,0.0,0.0,0.0,0.0,63.96,1070.9,10975.4,0.0,4,1,2,1,0,3,4,2,1,2
81,E00015702,0.0,0.0,345.29,0.0,0.0,4283.74,9055.16,825.38,1908.71,0.0,2,2,1,5,1,3,2,4,3,3
82,E00010741,0.0,0.0,0.0,0.0,0.0,45265.4,0.0,0.0,0.0,0.0,1,2,3,1,4,4,3,2,1,5
83,E00000966,0.0,0.0,7386.65,0.0,0.0,18734.77,0.0,4839.18,0.0,0.0,2,1,4,4,0,3,2,0,1,2
84,E00015694,0.0,0.0,13117.52,0.0,0.0,0.0,0.0,658.32,0.0,0.0,1,6,4,6,4,3,2,2,2,2
85,E00000597,0.0,67.32,0.0,0.0,0.0,54455.31,0.0,0.0,0.0,0.0,0,3,3,3,0,4,0,3,1,5
86,E00005297,896.12,704023.51,0.0,0.0,0.0,127180.45,254.03,3758.43,0.0,0.0,3,1,6,0,4,4,4,2,2,6
87,E00023411,0.0,13161.24,11002.79,0.0,0.0,11223.46,16721.56,0.0,0.0,0.0,3,4,4,3,4,4,2,2,2,5
88,E00006643,0.0,68467.34,0.0,18413.08,0.0,668131.9099999999,0.0,7690.01,0.0,21172.05,1,3,5,1,5,1,1,1,1,5
89,E00021674,0.0,0.0,0.0,0.0,0.0,0.0,159.94,0.0,12274.21,0.0,0,1,5,3,2,2,4,4,0,2
90,E00174036,0.0,0.0,4818.74,0.0,0.0,0.0,14491.990000000002,16.46,0.0,0.0,1,5,3,0,4,4,2,1,1,3
91,E00022460,0.0,0.0,5178.82,0.0,0.0,15562.78,0.0,1128.65,0.0,0.0,5,5,3,0,1,1,0,1,3,3
92,E00001991,0.0,13301.0,61546.35,126660.99,0.0,11978.860000000002,11105.54,22031.22,0.0,291695.95,1,0,0,6,4,1,0,0,1,5
93,E00020503,0.0,275132.88,0.0,0.0,0.0,109738.35,0.0,7552.71,0.0,12606.94,5,1,1,2,1,0,1,1,2,8
94,E00176257,0.0,0.0,8724.1,0.0,0.0,2230.25,0.0,0.0,9885.95,1542.38,1,3,5,4,5,4,1,4,3,3
95,E00176305,0.0,0.0,1354.14,790.38,0.0,0.0,0.0,15835.69,19868.17,0.0,2,3,3,1,0,3,0,0,1,2
96,E00015621,0.0,202.72,0.0,0.0,0.0,0.0,0.0,0.0,7435.44,0.0,5,4,5,7,4,1,2,4,4,2
97,E00009951,0.0,8822.59,13831.42,1239.09,0.0,13261.02,0.0,5312.67,0.0,1200.0,2,6,3,3,0,1,2,1,1,3
98,E00014719,0.0,1749.24,0.0,2608.3,0.0,48411.33,0.0,1705.16,0.0,0.0,0,6,2,7,3,4,2,1,0,8
99,E00010442,0.0,0.0,5621.06,0.0,0.0,0.0,0.0,0.0,16069.42,0.0,3,5,1,0,1,1,2,4,4,3
100,E00005439,0.0,0.0,9049.53,0.0,0.0,0.0,0.0,0.0,14222.66,0.0,5,5,4,0,4,1,3,2,3,5
101,E00017477,0.0,0.0,0.0,0.0,0.0,19110.8,12509.1,2873.12,0.0,0.0,5,4,5,5,3,3,4,2,4,5
102,E00001207,0.0,912.03,0.0,0.0,0.0,36922.86,4091.31,0.0,0.0,0.0,5,3,3,7,3,4,3,1,5,5
103,E00167158,0.0,1845.36,78440.94,16410.059999999998,0.0,9283.51,0.0,49435.24,18014.620000000003,30369.67,0,0,0,0,0,1,0,0,0,2
104,E00009476,0.0,0.0,41.35,0.0,0.0,0.0,0.0,0.0,5588.88,0.0,4,4,1,0,5,4,2,1,5,2
105,E00007442,0.0,23115.73,15018.04,84.9,0.0,10378.28,1077.43,9488.47,0.0,312.55,3,3,0,0,0,1,0,2,1,3
106,E00007660,0.0,0.0,0.0,0.0,0.0,25213.0,14772.3,0.0,0.0,0.0,3,3,6,3,2,4,3,3,2,6
107,E00006449,0.0,16175.43,16999.23,4886.9,0.0,62116.4,147.95,0.0,0.0,0.0,4,0,5,0,4,3,0,4,5,5
108,E00006102,0.0,0.0,53585.74,0.0,0.0,7703.24,13145.32,0.0,0.0,0.0,1,0,2,0,0,1,0,4,1,8
109,E00015443,0.0,0.0,21063.28,0.0,0.0,0.0,0.0,0.0,0.0,0.0,3,3,6,5,3,2,1,0,4,2
110,E00175251,0.0,256.19,4628.71,0.0,0.0,0.0,0.0,0.0,2850.02,0.0,4,5,5,6,1,4,3,2,4,3
111,E00011318,0.0,1380.19,0.0,0.0,0.0,35091.21,5039.02,1150.46,0.0,0.0,3,3,4,1,4,4,3,4,2,8
112,E00019586,0.0,0.0,7.75,0.0,0.0,0.0,44802.0,0.0,0.0,0.0,5,1,6,6,1,3,3,3,4,8
113,E00015481,0.0,113.72,30525.31,5.85,0.0,0.0,0.0,0.0,0.0,0.0,5,3,6,7,4,1,3,4,2,3
114,E00021072,0.0,13841.0,11913.98,874.18,0.0,15784.18,0.0,0.0,0.0,0.0,2,3,5,0,3,3,1,2,4,5
115,E00006434,0.0,12596.089999999998,34609.92,0.0,0.0,29336.99,19561.01,0.0,0.0,1927.11,1,4,2,0,4,1,0,4,1,5
116,E00001551,0.0,12909.51,591.82,0.0,0.0,82363.76000000001,0.0,4709.27,0.0,0.0,1,3,2,0,4,1,0,2,1,5
117,E00012294,0.0,73685.26,0.0,0.0,0.0,38198.37,26030.35,11032.23,0.0,0.0,1,3,4,0,0,4,0,0,1,6
118,E00176546,0.0,0.0,0.0,0.0,0.0,0.0,0.0,0.0,8724.24,0.0,3,2,6,7,5,2,1,3,3,5
119,E00018233,0.0,0.0,13186.27,0.0,0.0,0.0,129.91,4046.37,8163.559999999999,0.0,1,5,0,0,4,1,2,3,1,3
120,E00005824,0.0,9827.62,3033.92,3600.52,0.0,18582.27,0.0,20866.22,0.0,0.0,1,0,2,0,0,1,0,1,0,5
121,E00010895,0.0,2949.95,0.0,0.0,0.0,17997.6,32695.59,0.0,0.0,0.0,3,4,1,4,3,3,4,2,1,5
122,E00022001,0.0,0.0,19084.13,267.85,0.0,0.0,0.0,0.0,312.33,0.0,2,6,5,5,2,0,1,3,1,5
123,E00003424,0.0,0.0,8583.14,0.0,0.0,0.0,9405.82,6037.14,0.0,0.0,5,1,6,1,0,4,2,3,1,3
124,E00000755,0.0,0.0,410.8,0.0,0.0,0.0,11547.2,0.0,0.0,0.0,3,6,5,1,5,3,4,3,2,2
125,E00017555,0.0,5717.27,9127.5,0.0,0.0,2529.27,10029.56,3727.19,0.0,0.0,3,1,3,4,1,1,4,2,1,5
126,E00004523,0.0,180.78,0.0,0.0,0.0,0.0,0.0,3342.2,19503.34,0.0,1,0,3,2,1,3,3,0,0,3
127,E00007839,0.0,8077.65,14190.72,0.0,0.0,6962.11,0.0,0.0,0.0,0.0,1,1,3,0,1,1,0,2,1,2
128,E00006091,0.0,4.74,0.0,0.54,0.0,39241.33,18864.81,0.0,0.0,0.0,2,3,4,4,1,4,4,2,2,2
129,E00010345,0.0,0.0,27165.09,0.0,0.0,0.0,67.03,0.0,0.0,0.0,2,5,4,1,0,1,2,0,3,2
130,E00006593,3551.16,3616.88,0.0,0.0,0.0,46502.08,10270.48,6064.83,0.0,0.0,4,1,6,5,2,3,0,1,5,5
131,E00005477,0.0,388.56,27406.33,0.0,0.0,0.0,6890.96,3778.6,0.0,0.0,4,0,2,0,1,1,0,4,1,8
132,E00001040,0.0,1384.77,0.0,0.0,0.0,13225.96,48052.28,0.0,164.03,0.0,2,5,3,3,3,3,0,0,2,8
133,E00002442,0.0,1398.8,690.81,0.0,0.0,38.28,49315.78,596.71,0.0,0.0,4,2,3,4,3,3,0,4,3,5
134,E00003568,0.0,61834.3,0.0,0.0,0.0,48145.56,0.0,993.52,0.0,0.0,2,3,4,5,3,4,1,1,2,4
135,E00005290,0.0,3128.69,1450.04,0.0,0.0,19090.17,27440.75,4243.85,0.0,0.0,2,3,3,1,3,1,0,2,1,5
136,E00008206,0.0,1593.5,0.0,0.0,0.0,12853.56,28668.56,0.0,0.0,0.0,1,6,3,1,4,1,0,0,1,5
137,E00022348,0.0,0.0,218.55,47.13,0.0,0.0,0.0,0.0,24223.72,0.0,5,6,4,3,1,2,2,1,3,5
138,E00005613,0.0,7192.66,14867.37,0.0,0.0,23534.3,0.0,0.0,0.0,0.0,2,3,2,1,1,1,3,2,1,5
139,E00001320,0.0,9257.25,0.0,0.0,0.0,36070.0,39009.03,0.0,0.0,0.0,1,1,4,6,0,4,3,2,5,6
140,E00014071,0.0,0.0,6289.360000000001,0.0,0.0,0.0,0.0,0.0,13568.44,0.0,1,1,4,3,1,3,0,2,5,2
141,E00015899,0.0,0.0,16428.26,0.0,40.56,295.88,11792.57,0.0,0.0,0.0,1,3,2,3,0,4,0,4,3,3
142,E00006990,0.0,3312.34,0.0,0.0,0.0,27709.42,266.74,0.0,0.0,0.0,3,4,3,3,1,1,1,2,3,2
143,E00009850,0.0,3559.14,23742.09,0.0,0.0,68.89,0.0,0.0,0.0,0.0,4,4,3,6,4,2,2,2,2,3
144,E00007406,0.0,0.0,6614.21,0.0,0.0,28312.98,3459.36,0.0,0.0,0.0,2,3,6,0,4,1,3,1,2,5
145,E00003203,0.0,29125.18,0.0,0.0,0.0,77631.4,0.0,0.0,0.0,0.0,1,1,4,0,3,1,2,1,1,6
146,E00015682,0.0,11502.24,26257.19,0.0,0.0,500.99,0.0,0.0,116.08,0.0,0,3,0,5,2,2,3,0,0,3
147,E00176231,0.0,0.0,1699.6,0.0,0.0,0.0,0.0,0.0,0.0,0.0,5,4,4,1,3,4,2,2,4,3
148,E00010617,0.0,85.64,6670.6,0.0,0.0,20579.26,29444.15,7469.62,0.0,0.0,1,1,3,3,0,4,2,1,1,5
149,E00014906,0.0,0.0,2153.84,0.0,0.0,15497.7,0.0,2061.32,0.0,0.0,1,3,2,0,4,4,2,2,0,2
150,E00011373,0.0,74352.34,0.0,0.0,5462.56,49913.35,25419.85,0.0,0.0,6800.0,1,1,2,0,3,4,1,1,5,4
151,E00009171,0.0,0.0,18139.53,0.0,0.0,0.0,0.0,2816.08,0.26,0.0,2,2,1,3,4,4,0,0,3,3
152,E00006683,0.0,220206.07,5401.8,0.0,0.0,30128.79,0.0,0.0,0.0,1594.3,5,1,6,5,2,3,4,4,2,5
153,E00004282,0.0,8700.0,4596.849999999999,0.0,0.0,12873.48,3025.77,8525.09,0.0,0.0,3,5,5,5,3,3,0,4,4,3
154,E00016800,0.0,4324.3,1899.68,56.93,0.0,9455.37,0.0,2735.79,3301.57,0.0,3,1,0,1,0,2,4,3,1,3
155,E00013331,0.0,0.0,0.0,0.0,137.44,37277.25,10565.78,1874.88,0.0,0.0,2,5,2,1,0,1,0,0,2,5
156,E00023010,0.0,4.62,3159.4,0.0,0.0,13775.75,0.0,1852.38,0.0,0.0,0,3,2,0,0,4,3,2,1,3
157,E00006716,0.0,2.8,35046.04,0.0,672.16,600.0,0.0,46162.42,0.0,0.0,1,6,0,0,5,1,3,4,0,2
158,E00018191,0.0,0.0,39038.09,1300.0,1565.1,0.0,0.0,7501.8,2018.6,0.0,3,1,5,0,0,4,0,2,3,3
159,E00017286,0.0,5334.81,19009.29,0.0,0.0,13674.65,1852.67,0.0,0.0,0.0,3,1,5,3,0,4,2,0,3,5
160,E00019938,0.0,0.0,4024.71,643.61,0.0,20302.14,0.0,860.01,4322.94,0.0,1,1,5,0,4,4,0,0,1,3
161,E00006804,0.0,354.43,255.29,13551.94,0.0,0.0,0.0,22143.61,45218.14,0.0,1,0,0,0,0,4,2,4,0,5
162,E00015186,0.0,0.0,116.8,0.0,0.0,0.0,3271.18,0.0,0.0,0.0,1,3,2,3,4,4,0,4,0,3
163,E00016196,0.0,4.52,35091.69,0.0,0.0,0.0,187.15,0.0,0.0,0.0,3,2,3,3,4,1,2,4,4,3
164,E00015094,0.0,0.0,52885.76,0.0,0.0,0.0,66.87,0.0,0.0,0.0,1,4,2,0,4,4,3,4,1,8
165,E00022599,0.0,0.0,144.14,0.0,0.0,0.0,0.0,0.0,22677.61,0.0,5,1,4,0,0,1,2,0,5,8
166,E00009827,0.0,0.0,7790.67,0.0,0.0,1289.45,0.0,1258.11,0.0,0.0,1,6,3,7,0,4,2,0,1,3
167,E00000302,0.0,0.0,347.96000000000004,0.0,0.0,403.99,31976.06,249.34,0.0,0.0,4,6,6,4,3,1,2,4,3,5
168,E00009687,0.0,0.0,88.75,0.0,0.0,0.0,0.0,0.0,15684.48,0.0,5,5,5,5,2,2,2,3,3,3
169,E00011983,0.0,12846.68,2285.38,162189.35,0.0,21138.19,39087.28,10570.9,2469.1200000000003,4635.27,1,6,0,0,1,3,0,2,0,5
170,E00014280,0.0,0.0,0.0,0.0,4477.24,0.0,0.0,5529.63,16060.07,0.0,1,0,0,4,0,4,0,4,0,2
171,E00010705,0.0,27217.51,467.51,489.34,0.0,131011.48,0.0,0.0,6211.86,3359.78,4,4,2,7,3,4,0,1,1,2
172,E00017727,0.0,168.56,26958.93,2971.75,0.0,0.0,0.0,6379.64,5939.76,0.0,1,3,3,3,3,1,0,0,1,3
173,E00000994,0.0,28339.3,0.0,0.0,0.0,20524.68,0.0,4850.29,0.0,0.0,1,1,1,3,4,1,0,4,1,2
174,E00009036,0.0,0.0,29010.92,5.25,0.0,1372.98,0.0,7427.73,0.0,0.0,0,3,0,0,0,4,0,3,1,3
175,E00005474,0.0,360.61,4235.87,0.0,0.0,8244.06,34760.03,10528.91,0.0,0.0,1,6,2,0,0,1,0,0,0,3
176,E00007031,23047.91,16933.649999999998,0.0,0.0,67868.62,60625.06,0.0,44706.1,3200.0,1735.51,1,0,3,0,3,4,0,0,0,5
177,E00023883,0.0,0.0,20.11,0.0,0.0,80.1,0.0,10965.64,4263.14,111.41,0,1,4,0,0,1,0,0,0,3
178,E00011378,0.0,0.0,0.0,0.0,0.0,11215.27,15463.14,0.0,0.0,0.0,4,3,4,4,0,4,0,2,2,7
179,E00008172,0.0,0.0,15267.6,0.0,0.0,0.0,0.0,8233.64,0.0,0.0,3,1,2,1,4,1,0,2,1,2
180,E00013381,0.0,4097.81,23909.17,0.0,0.0,7919.1,0.0,0.0,132.67000000000002,0.0,1,0,2,0,3,1,0,0,1,3
181,E00000649,0.0,45.56,0.0,0.0,0.0,6262.6,9166.79,1605.9,0.0,0.0,1,4,2,4,4,1,2,1,2,3
182,E00016661,0.0,0.0,13326.59,25.02,0.0,0.0,0.0,0.0,6902.09,0.0,2,4,2,1,3,4,2,1,3,3
183,E00000423,0.0,0.0,27362.04,0.0,0.0,0.0,1874.59,296.7,0.0,0.0,3,3,2,4,5,1,4,2,2,5
184,E00174013,0.0,0.0,3559.6,0.0,0.0,461.8,0.0,1622.44,0.0,61.49,1,3,5,5,4,4,2,0,3,2
185,E00002845,0.0,0.0,15306.579999999998,0.0,0.0,0.0,2274.88,5367.48,3275.21,0.0,1,0,0,0,0,1,0,0,1,2
186,E00014990,0.0,0.0,0.0,0.0,0.0,56713.03,0.0,4451.8,0.0,0.0,2,6,2,3,4,4,3,2,3,5
187,E00002004,0.0,13420.5,19572.95,94394.53,0.0,41537.09,5418.4800000000005,40225.68,978.17,0.0,1,3,0,0,0,1,0,4,0,6
188,E00017475,0.0,0.0,0.0,0.0,0.0,0.0,29819.29,1748.69,0.0,0.0,3,3,5,3,0,2,4,4,1,5
189,E00004705,0.0,0.0,14890.29,0.0,0.0,10006.54,0.0,17459.98,4.65,0.0,1,1,0,3,3,1,0,0,0,2
190,E00000087,0.0,0.0,61.42,0.0,0.0,0.0,20197.39,4286.64,0.0,0.0,1,4,2,3,4,3,0,4,3,5
191,E00009837,0.0,0.0,8628.82,0.0,0.0,6680.34,0.0,2244.17,100.42,0.0,1,3,3,5,4,2,2,2,1,3
192,E00012847,0.0,34020.25,37126.23,0.0,0.0,4899.04,0.0,0.0,0.0,114.77,2,1,4,6,5,4,4,2,2,8
193,E00000257,0.0,0.0,14040.76,240.22,0.0,10398.67,0.0,429.54,4132.16,0.0,1,0,5,5,5,2,2,3,2,5
194,E00004481,0.0,6454.610000000001,10732.13,668.08,0.0,167.1,11981.51,0.0,0.0,0.0,5,3,5,0,4,4,0,4,4,3
195,E00014570,0.0,726.5899999999999,0.0,0.0,0.0,4638.76,0.0,433.77,3705.81,0.0,5,5,3,4,1,3,4,2,4,2
196,E00008495,0.0,18.54,14034.03,0.0,0.0,26.13,6712.3,0.0,56.94,0.0,4,1,5,7,3,4,0,2,3,5
197,E00176297,0.0,4994.83,1429.43,0.0,0.0,8288.75,28.44,5426.78,5653.09,0.0,1,1,2,0,4,4,3,2,1,3
198,E00017332,0.0,128800.51,109.01,108.61,0.0,4767.62,21425.46,11037.85,767.09,1256.66,1,1,2,3,4,1,0,3,1,5
199,E00014964,0.0,1962.59,17673.34,1864.1,0.0,180.48,10858.08,6903.06,0.0,0.0,2,0,6,0,0,1,3,0,1,2
200,E00007873,0.0,212.91000000000005,12637.03,0.0,4594.46,3513.31,3655.49,0.0,0.0,0.0,4,5,6,4,2,0,4,1,3,2
201,E00003446,0.0,136.65,7903.2,0.0,0.0,15871.08,1536.59,11205.31,0.0,0.0,0,4,0,3,1,4,0,4,0,2
202,E00015415,0.0,0.0,9803.35,0.0,0.0,0.0,0.0,8963.26,11234.58,0.0,1,0,5,4,0,3,3,2,0,2
203,E00004983,0.0,0.0,2398.58,0.0,0.0,0.0,0.0,0.0,18151.47,0.0,5,2,6,5,5,1,3,3,3,5
204,E00015926,0.0,12559.78,5344.43,0.0,0.0,8343.63,1950.94,0.0,8941.45,0.0,5,3,6,1,3,4,3,3,3,3
205,E00006924,0.0,12615.43,0.0,32952.41,0.0,15806.19,28356.9,18167.06,0.0,2297.08,2,0,0,3,0,1,0,2,1,5
206,E00014900,0.0,7156.2,5.9,0.0,0.0,62153.71,9703.76,0.0,0.0,0.0,1,3,6,0,0,1,4,3,1,6
207,E00001274,0.0,35891.33,3480.2,15120.5,0.0,34052.200000000004,33957.0,11980.58,0.0,0.0,1,1,4,0,3,4,2,1,1,5
208,E00020114,0.0,1200.81,17321.99,78.61,0.0,603.14,0.0,361.51,14.94,0.0,1,1,5,4,4,4,4,4,3,3
209,E00023456,0.0,0.0,9077.68,0.0,0.0,0.0,0.0,0.0,24.53,0.0,5,5,6,0,5,1,2,2,2,2
210,E00020651,0.0,0.0,9045.24,0.0,0.0,46291.04,0.0,0.0,0.0,0.0,3,6,4,3,1,0,2,3,5,8
211,E00005286,0.0,1735.86,450.43,0.0,0.0,9231.81,19027.6,0.0,0.0,0.0,5,4,3,1,1,3,2,3,2,8
212,E00012503,0.0,3857.56,0.0,0.0,0.0,39212.15,6106.73,9163.68,0.0,0.0,1,1,0,0,0,1,3,2,1,5
213,E00005467,0.0,55690.560000000005,0.0,0.0,0.0,392391.69,0.0,374.91,0.0,0.0,3,3,4,5,0,1,1,1,2,6
214,E00010711,0.0,4407.69,19086.44,0.0,0.0,3987.98,0.0,3172.05,0.0,0.0,2,1,3,3,4,4,0,2,1,3
215,E00015691,0.0,3612.03,328.72,0.0,0.0,0.0,0.0,0.0,0.0,0.0,3,4,4,3,1,3,4,4,2,3
216,E00012707,0.0,0.0,0.0,0.0,55762.02,41112.39,7417.84,2366.77,0.0,0.0,1,6,2,0,4,1,0,0,1,5
217,E00000892,0.0,0.0,20796.74,0.0,0.0,114.7,6219.4,0.0,0.0,0.0,1,4,6,6,3,4,0,1,1,8
218,E00009500,0.0,0.0,7639.23,0.0,0.0,7879.74,0.0,8640.96,0.0,405.36,1,1,4,1,0,2,2,3,3,2
219,E00015278,0.0,0.0,9343.76,0.0,0.0,89.82,5839.88,385.86,0.0,0.0,3,6,3,5,5,4,2,3,2,3
220,E00004853,0.0,5.35,4284.42,101.7,0.0,0.0,0.0,0.0,9410.03,0.0,2,3,2,1,0,1,2,0,1,2
221,E00174755,0.0,900.0,16328.99,771.36,0.0,8827.82,0.0,0.0,1286.46,0.0,3,1,6,4,0,1,2,4,1,3
222,E00005965,0.0,728.56,17350.54,0.0,0.0,0.0,16274.03,12087.66,0.0,0.0,1,5,2,0,3,2,3,2,0,5
223,E00001160,0.0,0.0,30690.77,0.0,0.0,0.0,0.0,3399.2,59.46,0.0,1,2,2,0,0,4,0,0,1,2
224,E00017227,0.0,0.0,31162.37,0.0,0.0,0.0,14771.2,0.0,0.0,0.0,1,6,0,0,0,1,0,2,5,2
225,E00016121,0.0,0.0,16299.35,0.0,0.0,2682.37,0.0,1382.87,0.0,0.0,5,6,3,4,3,4,2,4,3,3
226,E00003390,0.0,0.0,5379.02,0.0,0.0,0.0,35345.39,0.0,0.0,0.0,1,4,3,3,1,2,2,2,2,8
227,E00006976,0.0,64397.32,0.0,0.0,0.0,49329.72,0.0,9299.85,0.0,0.0,1,6,6,3,1,4,3,4,4,5
228,E00175047,0.0,0.0,0.0,0.0,0.0,0.0,0.0,2149.89,8999.24,0.0,2,6,6,5,1,3,4,1,3,5
229,E00015883,0.0,4980.82,18407.46,0.0,0.0,8039.99,9.66,931.26,0.0,0.0,5,2,2,3,3,4,2,2,3,5
230,E00007999,0.0,662.16,0.0,0.0,0.0,30517.89,13154.11,0.0,0.0,0.0,3,4,6,3,4,1,2,2,2,8
231,E00174826,0.0,0.0,214.7,0.0,49624.52,0.0,0.0,3338.96,17892.74,0.0,2,3,5,5,3,4,3,3,1,3
232,E00010684,0.0,8300.21,32661.83,0.0,0.0,35.05,1112.31,0.0,0.0,0.0,2,4,6,6,3,0,2,4,3,5
233,E00010358,0.0,2285.23,10024.09,557.97,0.0,0.83,12187.32,2705.3,31.51,0.0,4,6,6,5,4,3,4,4,3,2
234,E00008313,0.0,98.91,17626.81,1334.76,0.0,0.0,0.0,8558.36,4544.48,0.0,2,0,0,0,0,1,0,2,0,5
235,E00013378,0.0,0.0,33250.85,0.0,0.0,0.0,0.0,6273.6,0.0,0.0,1,3,0,0,5,1,0,0,1,5
236,E00000913,0.0,7604.97,0.0,0.0,0.0,29664.07,13416.07,2386.82,0.0,0.0,1,6,4,6,0,3,0,0,3,2
237,E00004003,0.0,7974.37,0.0,0.0,0.0,34798.71,25530.46,4991.83,0.0,0.0,0,6,4,3,1,3,3,2,0,5
238,E00012075,0.0,16034.55,0.0,0.0,0.0,47328.22,0.0,0.0,0.0,0.0,3,1,4,3,3,4,1,3,5,5
239,E00009197,0.0,49893.55,271.75,42891.26,27761.01,32239.99,0.0,19712.02,71941.4,12626.8,1,3,0,3,4,1,0,0,1,3
240,E00174777,0.0,73.78,70.55,0.0,0.0,12686.3,109.39,0.0,14450.53,0.0,1,1,3,3,4,2,0,0,3,2
241,E00009033,0.0,1700.0,26404.53,0.0,0.0,0.0,22.31,1832.17,346.44,0.0,1,1,6,4,5,4,4,3,1,3
242,E00009893,0.0,0.0,7357.33,0.05,0.0,832.93,11051.36,0.0,8513.79,670.56,3,4,2,4,5,4,1,2,3,2
243,E00018456,0.0,0.0,18538.75,0.0,0.0,6143.31,6579.51,0.0,0.0,0.0,1,3,2,5,0,2,4,2,5,5
244,E00023576,0.0,1000.0,2564.78,0.0,0.0,0.0,128.02,0.0,9098.01,0.0,1,4,0,3,1,4,0,2,0,3
245,E00012189,0.0,15.58,11551.85,1323.95,0.0,10836.22,9329.13,6476.82,0.0,0.0,1,5,6,0,3,4,1,4,3,5
246,E00018072,0.0,0.0,4086.58,18.29,0.0,0.0,0.0,0.0,22958.66,0.0,4,3,3,5,5,4,2,4,5,5
247,E00000972,0.0,10407.47,3569.19,0.0,0.0,108223.81,77.49,597.33,0.0,0.0,2,3,4,0,3,1,3,1,5,6
248,E00170908,0.0,0.0,11000.72,0.0,0.0,6431.67,0.0,2765.4,0.0,0.0,1,1,5,0,3,4,1,0,2,2
249,E00000782,0.0,0.0,24140.23,56.57,0.0,345.48,5811.9,6896.78,0.0,0.0,3,3,5,0,0,1,0,3,1,5
250,E00015828,0.0,10.46,16479.32,0.0,0.0,0.0,0.0,0.0,0.0,0.0,4,6,5,0,3,2,1,4,3,2
251,E00175174,0.0,0.0,3546.74,0.0,24.93,14603.46,11885.32,3382.28,10451.43,0.0,2,1,3,3,5,1,2,0,1,5
252,E00021686,0.0,1100.0,0.0,0.0,0.0,0.0,0.0,4071.68,62904.46,0.0,1,0,3,1,3,1,0,0,0,2
253,E00011392,0.0,56.95,11484.54,0.0,0.0,7600.35,476.47,0.0,13220.02,0.0,3,3,2,0,0,1,2,1,1,3
254,E00011025,0.0,9625.2,0.0,0.0,0.0,56393.57,6523.51,6466.49,0.0,0.0,4,4,6,3,2,1,0,2,1,5
255,E00011642,0.0,5432.22,149.66,24966.66,0.0,25082.15,30483.92,0.0,0.0,0.0,1,3,6,3,0,3,3,0,2,4
256,E00021129,0.0,0.0,0.0,0.0,0.0,15291.42,26737.12,0.0,0.0,0.0,2,4,3,5,4,2,2,2,3,5
257,E00004181,0.0,0.0,0.0,0.0,0.0,0.0,0.0,0.0,19141.0,0.0,1,3,0,0,0,1,0,0,0,3
258,E00010271,0.0,0.0,8430.8,0.0,0.0,44.1,0.0,0.0,15920.65,0.0,3,5,3,3,3,2,4,0,4,3
259,E00016865,0.0,15677.97,0.0,0.0,0.0,13737.05,0.0,330.68,0.0,0.0,4,6,5,0,5,4,0,4,3,3
260,E00020012,0.0,0.0,1449.5500000000002,0.0,0.0,8098.19,0.0,1333.8,10283.67,0.0,4,1,4,3,3,1,3,3,3,3
261,E00022014,0.0,0.0,24368.4,0.0,0.0,0.0,3067.04,4877.71,0.0,0.0,1,3,3,0,1,4,0,4,1,5
262,E00016591,0.0,0.0,46475.13,0.0,0.0,0.0,0.0,0.0,136.56,0.0,1,6,5,3,0,1,2,2,3,8
263,E00175105,0.0,219.65,0.0,0.0,0.0,0.0,0.0,0.0,3767.48,0.0,1,3,2,6,4,4,1,4,0,2
264,E00023920,0.0,134.91,0.0,0.0,0.0,0.0,0.0,10360.23,10018.13,0.0,0,0,0,0,0,1,0,0,0,2
265,E00003464,0.0,182884.1,19817.28,660.74,0.0,106433.31,0.91,8659.34,0.0,0.0,0,6,0,0,0,4,0,0,0,8
266,E00004353,0.0,0.0,27287.9,0.0,0.0,0.0,0.0,0.0,0.0,0.0,4,4,6,0,5,4,2,2,1,2
267,E00170320,0.0,0.0,2289.78,0.0,0.0,35.59,0.0,4811.33,8577.14,0.0,2,3,2,1,4,4,0,1,1,2
268,E00005915,0.0,0.0,20694.58,0.0,0.0,23.14,0.0,0.0,50.21,0.0,2,5,5,3,1,2,4,2,3,5
269,E00012678,0.0,0.0,0.0,0.0,81.39,40918.32,7400.19,0.0,0.0,0.0,1,3,3,4,4,1,0,2,1,5
270,E00015197,0.0,0.0,0.0,0.0,0.0,2603.2,0.0,1540.63,10576.84,0.0,0,6,0,0,4,1,0,0,0,3
271,E00004036,0.0,0.0,6813.94,20577.75,0.0,0.0,9688.77,3075.58,106.33,0.0,1,3,3,3,4,2,0,1,1,3
272,E00006747,0.0,12.53,23218.53,0.0,0.0,0.0,0.0,17074.78,3034.43,0.0,1,3,3,3,4,1,0,1,1,2
273,E00016122,0.0,0.0,14068.25,0.0,0.0,1.07,22527.54,2635.58,0.0,0.0,0,4,0,3,1,4,3,0,0,5
274,E00011586,0.0,0.0,0.0,0.0,0.0,48589.03,1507.5,8879.64,0.0,0.0,2,4,3,5,3,4,3,2,3,8
275,E00166758,0.0,6637.98,1079.54,0.0,0.0,0.0,0.0,0.0,6054.13,35.550000000000004,0,4,2,0,0,1,0,0,0,2
276,E00009504,0.0,0.0,0.0,0.0,0.0,65.86,0.0,0.0,15523.36,0.0,4,3,4,7,5,1,2,2,1,2
277,E00001170,0.0,0.0,15574.94,0.0,0.0,0.0,0.0,0.0,0.0,0.0,3,5,5,4,2,4,1,2,4,3
278,E00008186,0.0,0.0,5578.71,0.0,0.0,0.0,5569.72,1863.22,0.0,0.0,4,4,4,3,0,1,0,0,4,3
279,E00010773,0.0,1500.0,1248.15,1765.48,0.0,27553.6,7871.78,5635.43,0.0,0.0,2,3,1,3,4,2,2,3,3,5
280,E00166755,0.0,14938.67,3329.89,6692.55,20500.0,4481.15,9538.28,110324.2,651815.9199999999,43185.54,0,0,0,0,0,1,0,0,0,2
281,E00000165,0.0,117.65,2907.14,0.0,0.0,6168.25,25179.41,0.0,0.0,0.0,4,6,5,5,2,1,2,2,4,5
282,E00011793,0.0,0.0,83.51,0.0,0.0,23984.18,35184.72,0.0,0.0,0.0,2,3,0,4,4,3,1,3,1,4
283,E00022340,0.0,0.0,28145.43,0.0,0.0,0.0,0.0,376.48,0.0,0.0,3,4,6,3,1,3,0,0,1,5
284,E00016057,0.0,625.13,3939.15,0.0,0.0,5562.59,0.0,2009.79,0.0,0.0,5,6,3,0,3,4,4,3,3,3
285,E00001913,0.0,0.0,22797.67,0.0,0.0,175.99,458.18,0.0,0.0,0.0,2,4,5,4,3,1,0,4,3,8
286,E00002111,3584.07,0.0,18229.61,11800.42,0.0,6474.16,1800.0,0.0,0.0,0.0,4,0,0,0,3,1,0,0,1,8
287,E00013883,0.0,1262.36,282.13,0.0,0.0,0.0,11120.75,0.0,0.0,0.0,2,6,4,4,2,3,1,3,1,3
288,E00008668,0.0,2481.48,118.51,0.0,0.0,0.0,0.0,0.0,15110.23,0.0,3,3,1,5,3,4,1,0,4,3
289,E00019214,0.0,0.0,26423.55,0.0,0.0,5773.64,12071.71,0.0,0.0,0.0,1,6,2,3,3,1,0,0,3,6
290,E00167215,0.0,340.99,2859.04,0.0,0.0,20104.82,2656.5,10525.25,0.0,0.0,0,0,0,0,0,1,0,0,0,3
291,E00017488,0.0,387.77,10251.48,0.0,0.0,4598.07,0.0,1774.61,1904.49,0.0,3,6,4,2,0,1,3,0,3,3
292,E00005905,0.0,0.0,18305.7,0.0,0.0,0.0,1775.44,0.0,0.0,0.0,3,6,3,5,0,4,1,4,2,5
293,E00008085,0.0,15008.77,1965.54,0.0,0.0,12104.71,13846.15,14705.6,0.0,0.0,1,5,3,1,0,1,0,0,0,5
294,E00010679,0.0,2445.13,13531.42,0.0,0.0,9163.740000000002,13675.39,5038.54,0.0,0.0,1,3,6,0,0,1,0,4,1,5
295,E00009328,0.0,0.0,4109.4,0.0,0.0,0.0,55.57,842.47,0.0,0.0,1,1,0,0,0,1,0,2,0,2
296,E00004004,0.0,8076.35,1238.07,0.0,0.0,11412.83,11730.61,0.0,0.0,0.0,1,1,2,3,0,3,2,2,2,5
297,E00008246,0.0,0.0,6873.93,0.0,0.0,20035.18,0.0,438.04,0.0,0.0,3,5,4,6,4,1,2,2,3,3
298,E00021978,0.0,0.0,13957.82,0.0,0.0,0.0,0.0,5602.71,8671.76,0.0,5,2,5,5,0,4,2,2,4,5
299,E00014944,0.0,0.0,355.57,0.0,0.0,253.43,21022.77,0.0,0.0,0.0,5,1,0,1,0,4,4,0,1,2
300,E00017605,0.0,642.5,14000.74,0.0,0.0,12484.72,9793.21,0.0,0.0,0.0,4,6,6,3,3,1,3,2,4,5
301,E00005134,0.0,1768.85,0.0,0.0,0.0,40831.49,288.56,9768.56,0.0,0.0,0,3,0,0,4,1,0,0,0,5
302,E00006206,0.0,0.0,4658.9,900.78,0.0,12468.55,20708.42,0.0,0.0,0.0,2,3,1,5,1,3,4,3,1,5
303,E00015070,0.0,0.0,26962.82,0.0,71.22,0.0,0.0,0.0,0.0,0.0,3,6,0,7,0,4,1,2,1,3
304,E00013352,0.0,0.0,1642.52,0.0,0.0,0.0,0.0,3115.88,21192.99,0.0,2,1,3,1,5,4,3,3,1,2
305,E00003012,0.0,0.0,0.0,0.0,0.0,32339.38,235.88,397.7,0.0,0.0,2,5,6,5,0,4,1,4,3,5
306,E00016237,0.0,18253.21,32975.29,0.0,5444.51,99.8,0.0,4876.8,0.0,0.0,0,3,1,3,4,4,0,0,0,2
307,E00023684,0.0,0.0,7.99,0.0,0.0,1247.4,0.0,0.0,12429.97,0.0,4,1,3,3,4,1,0,0,5,2
308,E00009353,0.0,0.0,2443.22,0.0,0.0,0.0,0.0,0.0,4248.26,0.0,2,0,2,3,4,4,3,3,1,2
309,E00001934,0.0,2400.0,32233.72,495.69,0.0,4406.24,0.0,604.26,0.0,0.0,1,2,5,5,4,1,2,3,3,8
310,E00000662,0.0,861.4,24191.73,0.0,0.0,2715.2,12303.35,741.12,0.0,0.0,3,3,2,3,0,1,4,2,2,5
311,E00006491,0.0,0.0,7580.780000000001,0.0,0.0,0.0,15650.02,54.15,106.48,0.0,2,1,5,5,3,1,3,4,1,8
312,E00017524,0.0,44777.43,0.0,0.0,0.0,104958.42,0.0,3818.53,0.0,0.0,4,1,3,7,2,1,4,1,1,6
313,E00008708,0.0,0.0,17947.57,0.0,0.0,0.0,0.0,1323.97,3727.88,0.0,1,6,3,0,5,1,3,1,0,3
314,E00010614,0.0,0.0,1015.45,4542.49,0.0,10602.83,17011.93,2987.39,10184.7,0.0,2,1,5,3,0,1,2,3,1,2
315,E00017729,0.0,101.77,23161.51,0.0,0.0,0.0,0.0,0.0,0.0,0.0,3,5,0,6,0,1,3,2,2,3
316,E00008086,0.0,4421.98,24811.72,0.0,0.0,47565.34,0.0,23484.26,0.0,0.0,1,1,3,0,0,1,0,0,1,5
317,E00001580,0.0,6055.05,48954.12,0.0,0.0,1078.7,0.0,3256.02,0.0,0.0,2,3,6,1,4,2,2,1,1,5
318,E00012799,0.0,0.0,11921.34,0.0,0.0,12181.03,8405.91,2594.03,8513.52,0.0,1,3,4,1,0,1,0,1,1,2
319,E00015258,0.0,0.0,5051.33,0.0,0.0,0.0,0.0,0.0,21817.55,0.0,3,2,6,6,2,2,2,1,4,2
320,E00012432,185.1,37218.28,0.0,1582.33,0.0,38082.03,5642.26,6980.74,0.0,0.0,1,3,3,1,4,2,0,2,1,5
321,E00000800,0.0,1037.53,22080.84,1740.17,0.0,41.76,16532.24,0.0,0.0,0.0,4,3,2,0,0,2,3,2,3,5
322,E00017719,0.0,68700.23,115.09,0.0,0.0,29368.28,0.0,0.0,0.0,0.0,4,4,5,0,0,2,2,3,4,5
323,E00011197,0.0,0.0,0.0,0.0,0.0,47299.1,0.0,0.0,0.0,0.0,3,6,6,5,4,4,0,1,2,5
324,E00014604,0.0,560.98,0.0,0.0,0.0,0.0,0.0,0.0,5045.93,0.0,1,3,4,7,5,1,0,2,5,3
325,E00006688,0.0,0.0,0.0,0.0,0.0,41911.8,0.0,0.0,0.0,1965.51,4,6,6,3,1,2,3,1,3,5
326,E00023669,0.0,106552.99,4471.79,0.0,0.0,2725.13,0.0,11968.26,69944.76,1455.77,1,1,0,3,0,3,0,3,1,2
327,E00012489,0.0,122.61,0.0,0.0,0.0,7881.429999999999,32846.06,4112.42,0.0,0.0,1,1,3,4,0,1,0,1,1,5
328,E00017465,0.0,9123.37,0.0,0.0,0.0,20049.92,14972.17,0.0,0.0,0.0,3,1,0,4,4,1,2,0,1,5
329,E00001726,0.0,12932.19,0.0,0.0,0.0,71151.76,0.0,0.0,0.0,0.0,2,1,6,0,3,2,0,2,1,6
330,E00006866,0.0,676.4100000000001,11666.37,19.93,0.0,0.0,0.0,0.0,7091.5,0.0,4,4,6,3,3,3,4,2,2,8
331,E00020471,0.0,0.0,11113.88,0.0,0.0,0.0,0.0,537.62,8902.67,0.0,4,3,3,3,0,1,4,2,2,3
332,E00022722,0.0,0.0,26401.75,0.0,0.0,0.0,0.0,5997.21,3944.4,0.0,2,1,2,3,4,1,2,4,3,2
333,E00020232,0.0,13158.91,12127.48,0.0,0.0,1433.04,0.0,0.0,95.08,0.0,1,1,4,6,1,1,0,2,3,2
334,E00011034,0.0,0.0,0.0,0.0,0.0,36275.16,0.0,440.59,0.0,0.0,5,3,3,3,5,1,0,1,5,5
335,E00017125,0.0,0.0,8348.3,0.0,0.0,0.0,618.73,5223.29,7618.22,0.0,2,3,0,3,4,1,0,1,0,2
336,E00005706,0.0,4571.84,8421.08,0.0,0.0,22792.02,2370.75,43382.11,0.0,0.0,0,1,3,1,0,4,3,0,0,3
337,E00000037,0.0,0.0,0.0,0.0,0.0,0.0,0.0,2119.78,15013.93,0.0,1,4,4,1,3,2,4,3,2,5
338,E00020671,0.0,0.0,0.0,0.0,0.0,55594.6,0.0,0.0,0.0,0.0,4,3,5,5,0,4,1,2,3,8
339,E00006160,0.0,940.9,7948.55,0.0,0.0,12253.95,6461.92,3453.51,0.0,0.0,1,3,2,0,5,2,4,4,3,5
340,E00000767,0.0,0.0,0.0,0.0,0.0,25967.28,81.77,8926.62,0.0,0.0,2,3,4,1,3,3,3,1,1,3
341,E00022743,0.0,644.06,162.47,0.0,0.0,18711.36,0.0,0.0,0.0,0.0,5,4,0,0,3,1,2,2,3,3
342,E00021559,0.0,8442.98,22585.83,114.19,0.0,5470.969999999999,0.0,1240.93,0.0,0.0,1,3,0,1,4,1,3,1,1,3
343,E00017895,0.0,0.0,12803.66,0.0,0.0,442.6,5343.43,0.0,0.0,0.0,3,5,4,6,3,2,4,2,4,5
344,E00014024,0.0,742.25,17780.43,0.0,0.0,0.0,0.0,0.0,1338.45,0.0,5,1,3,3,4,3,2,2,3,2
345,E00004018,0.0,5066.24,12500.0,18006.29,0.0,30246.9,0.0,0.0,0.0,0.0,1,3,3,0,4,1,0,4,5,8
346,E00008442,0.0,13882.48,0.0,0.0,0.0,1577.25,30593.48,0.0,0.0,3100.0,4,5,2,0,4,4,3,2,1,3
347,E00003271,0.0,2271.25,37711.54,3171.52,0.0,0.0,0.0,2241.57,0.0,0.0,0,0,0,1,0,1,0,0,0,8
348,E00000276,0.0,40692.98,0.0,24.85,0.0,47120.2,175.05,7050.74,0.0,0.0,1,3,3,1,1,1,0,4,1,3
349,E00000773,0.0,707.56,2276.45,0.0,0.0,2883.89,22720.31,0.0,0.0,0.0,4,3,6,3,0,2,4,3,3,3
350,E00014769,0.0,0.0,24205.28,141.51,0.0,0.0,0.0,0.0,0.0,0.0,5,3,4,0,0,4,3,2,2,8
351,E00018629,0.0,143819.52000000002,0.0,0.0,69960.73999999999,40907.6,4373.44,21175.49,10047.74,0.0,1,1,2,3,4,1,0,0,1,5
352,E00009355,0.0,0.0,7564.45,0.0,0.0,0.0,0.0,0.0,3.9,0.0,4,4,2,0,3,4,1,4,5,2
353,E00010976,0.0,29035.99,0.0,0.0,0.0,120783.89,0.0,0.0,0.0,0.0,3,4,3,4,4,2,0,3,5,6
354,E00176223,0.0,0.0,497.04,4032.32,0.0,0.0,0.0,0.0,10694.9,0.0,5,6,5,7,2,3,2,3,2,2
355,E00023474,0.0,0.0,0.0,0.0,0.0,0.0,0.0,0.0,1700.53,0.0,4,3,3,4,2,4,3,4,1,2
356,E00014312,0.0,900.0,12139.6,0.0,0.0,2594.72,0.0,4535.27,4741.95,0.0,0,1,4,0,4,3,3,2,0,3
357,E00002936,0.0,33208.009999999995,123.9,840.06,0.0,56724.3,2864.98,3607.26,0.0,0.0,4,4,6,6,4,4,2,3,3,5
358,E00021351,0.0,0.0,10554.21,0.0,0.0,0.0,0.0,132.86,0.0,0.0,3,3,3,7,4,1,1,4,1,3
359,E00009394,0.0,3514.21,11292.92,0.0,5938.82,0.0,0.0,3826.18,0.0,0.0,2,6,2,0,0,1,3,0,0,2
360,E00017638,0.0,0.0,10591.71,0.0,0.0,0.0,0.0,0.0,83.72,0.0,2,5,5,0,1,1,0,4,4,3
361,E00008629,0.0,790.78,6468.08,9.86,0.0,0.0,140.78,0.0,56.38,0.0,5,4,4,3,4,3,4,4,1,3
362,E00018025,0.0,1200.0,17009.8,0.0,0.0,0.0,0.0,653.9,20184.46,0.0,1,1,3,0,3,1,0,2,1,5
363,E00010357,0.0,12679.12,8422.76,244.92,0.0,1565.02,6773.849999999999,745.92,4655.3,0.0,2,3,6,4,0,4,3,1,1,2
364,E00170914,0.0,28.79,27.28,0.0,0.0,0.0,0.0,0.0,8166.89,0.0,5,6,4,1,5,3,2,4,3,2
365,E00167242,0.0,32.0,197.13,103.49,0.0,53.04,8720.6,224.97,37.6,0.0,3,6,3,5,3,1,1,4,5,3
366,E00000533,0.0,22822.91,8590.300000000001,0.0,928.82,34037.15,8468.43,0.0,0.0,0.0,1,3,2,0,0,1,3,0,5,7
367,E00011984,0.0,58855.08,246.82,0.0,0.0,32461.24,20740.27,2312.7,0.0,0.0,5,3,5,3,4,1,0,0,3,5
368,E00002327,0.0,1610.3,0.0,0.0,0.0,10403.52,533.09,162.53,0.0,0.0,4,3,0,2,2,3,1,2,4,2
369,E00022776,0.0,0.0,9694.97,0.0,0.0,0.0,0.0,0.0,12588.44,0.0,3,6,5,3,2,1,4,1,1,5
370,E00007136,0.0,3794.58,10451.64,102.53,0.0,23650.95,0.0,4079.19,0.0,0.0,1,6,2,3,3,4,3,0,1,5
371,E00000756,0.0,0.0,10795.99,0.0,0.0,0.0,10688.29,0.0,0.0,0.0,3,3,6,6,2,4,3,2,2,3
372,E00006619,0.0,2697.28,17103.73,5668.46,0.0,38883.94,1381.52,4736.06,0.0,0.0,2,3,3,3,1,1,0,4,1,5
373,E00016450,0.0,2111.0,0.0,455.65,0.0,13792.16,1374.23,3990.72,0.0,0.0,0,3,0,0,3,1,3,0,0,2
374,E00021247,0.0,0.0,2284.86,0.0,0.0,0.0,8765.22,1130.35,0.0,0.0,5,4,6,0,5,1,0,2,4,3
375,E00018758,0.0,0.0,2345.72,0.0,0.0,0.0,18495.94,152.23,2056.5,1182.7,4,2,5,7,1,2,4,4,4,5
376,E00002507,0.0,94.85,0.0,0.0,0.0,20581.07,34169.89,2181.4,0.0,0.0,1,3,2,1,3,2,2,0,1,5
377,E00004490,0.0,681.09,11594.93,0.0,0.0,256.26,0.0,3094.2000000000003,0.0,0.0,3,3,0,5,4,1,0,4,1,3
378,E00013842,0.0,0.0,15874.04,0.0,0.0,0.0,0.0,0.0,270.95,0.0,4,3,4,4,2,4,2,2,2,2
379,E00005069,0.0,24173.56,0.0,0.0,0.0,32779.54,0.0,0.0,0.0,0.0,1,6,4,0,3,1,4,4,3,7
380,E00018449,0.0,0.0,38803.3,0.0,328.13,0.0,0.0,0.0,0.0,0.0,4,5,0,6,5,2,0,3,5,5
381,E00007979,0.0,1164.04,2449.9500000000003,0.0,0.0,8059.03,25427.77,4740.8,0.0,0.0,1,2,0,0,3,4,3,0,0,8
382,E00020777,0.0,240.68,23.53,0.0,0.0,9992.18,19312.31,0.0,0.0,0.0,1,3,4,0,3,3,3,4,5,8
383,E00002799,0.0,0.0,0.0,0.0,0.0,47094.21,0.0,0.0,0.0,0.0,4,4,3,1,1,4,1,4,1,5
384,E00005923,0.0,9909.2,224.55,0.0,0.0,0.0,27392.3,0.0,0.0,5100.0,4,6,5,0,4,4,4,4,2,3
385,E00166105,0.0,11214.35,0.0,0.0,0.0,74875.81999999999,135.73,22770.54,0.0,0.0,0,2,0,0,5,1,0,3,0,8
386,E00010273,0.0,8460.39,30154.87,7100.0,0.0,700.0,0.0,8495.07,0.0,0.0,1,3,5,3,4,1,0,2,0,3
387,E00023541,0.0,15.65,6270.97,0.0,0.0,14.09,0.0,0.0,0.0,0.0,4,3,4,0,0,1,0,0,1,3
388,E00009239,0.0,0.0,0.0,0.0,0.0,0.0,0.0,0.0,9770.44,0.0,1,1,1,6,4,3,4,1,1,2
389,E00024071,0.0,0.0,0.0,0.0,0.0,0.0,0.0,0.0,6350.22,0.0,4,6,3,3,3,1,2,2,1,2
390,E00016467,0.0,3705.980000000001,25269.01,0.0,3893.07,4865.33,11507.04,2356.22,0.0,0.0,4,6,1,5,1,1,3,2,3,5
391,E00018769,0.0,0.0,20711.43,0.0,0.0,0.0,841.67,5594.97,0.0,0.0,2,4,5,4,0,2,2,2,4,5
392,E00010716,0.0,40690.63,0.0,0.0,0.0,122052.94,0.0,1036.16,0.0,0.0,1,5,2,0,0,1,2,2,1,5
393,E00003978,0.0,0.0,164.22,0.0,0.0,77870.4,65.95,0.0,0.0,0.0,1,6,2,3,3,3,4,1,1,6
394,E00008461,0.0,1142.16,1452.46,0.0,0.0,0.0,12076.57,0.0,0.0,0.0,0,3,3,6,0,4,4,0,0,3
395,E00006760,0.0,131.44,19779.63,0.0,0.0,11068.47,0.0,0.0,0.0,0.0,3,1,6,4,4,3,0,2,2,5
396,E00002172,0.0,0.0,41626.88,0.0,0.0,4136.73,6650.48,0.0,0.0,0.0,2,1,4,3,5,4,0,2,2,4
397,E00004701,0.0,0.0,20599.29,0.0,0.0,0.0,0.0,6640.4,10044.69,0.0,0,0,0,0,0,1,0,0,0,3
398,E00016983,0.0,11197.92,3494.84,0.0,12265.68,0.0,0.0,1395.51,17968.29,0.75,1,3,0,0,0,1,0,4,0,8
399,E00002230,0.0,0.0,40586.1,0.0,0.0,0.0,0.0,0.0,0.0,0.0,2,4,4,0,3,4,4,1,2,6
400,E00016054,0.0,0.0,245.18,0.0,0.0,0.0,0.0,0.0,16151.79,0.0,4,5,6,3,4,3,4,4,2,3
401,E00002321,0.0,0.0,168.06,0.0,0.0,19549.83,10867.48,0.0,0.0,0.0,5,2,2,5,5,3,4,2,4,5
402,E00002999,0.0,0.0,10773.81,1018.11,0.0,0.0,0.0,4475.48,184.19,0.0,5,5,3,6,4,4,2,4,3,2
403,E00014985,0.0,41142.130000000005,0.0,0.0,0.0,58730.91,0.0,15665.41,0.0,0.0,4,6,4,7,2,4,4,4,3,8
404,E00004945,0.0,44203.45,0.0,0.0,0.0,16696.55,9793.7,6127.98,0.0,0.0,4,4,6,5,1,1,2,0,4,5
405,E00005971,0.0,0.0,8248.98,0.0,0.0,0.0,0.0,0.0,8.37,0.0,2,5,0,6,3,4,4,4,1,3
406,E00004218,0.0,0.0,13283.1,0.0,0.0,308.72,0.0,0.0,140.28,0.0,1,5,1,3,3,2,2,2,1,3
407,E00006607,0.0,690.55,0.0,0.0,0.0,75387.05,9710.92,9581.84,0.0,0.0,3,3,3,1,4,1,3,2,1,5
408,E00012231,0.0,0.0,3185.27,0.0,0.0,16525.96,24296.95,0.0,0.0,0.0,2,2,6,3,5,1,3,4,1,5
409,E00017667,0.0,1293.3,340.31,151.54,9179.94,748.58,6606.57,1618.39,21245.86,0.0,3,4,4,0,1,2,3,1,4,5
410,E00022612,0.0,1425.37,10454.65,404.31,0.0,0.0,0.0,3149.42,45.13,0.0,3,3,4,4,3,4,3,1,3,3
411,E00174718,0.0,0.0,0.0,0.0,0.0,0.0,0.0,3295.48,9966.1,0.0,1,3,6,3,5,4,2,1,1,3
412,E00010837,0.0,0.0,17553.18,0.0,0.0,244.91,18611.72,1820.24,0.0,0.0,3,3,3,0,4,1,0,3,5,5
413,E00013851,0.0,0.0,5719.69,0.0,0.0,0.0,0.0,0.0,8883.1,0.0,5,6,4,4,2,1,3,2,2,3
414,E00004452,0.0,0.0,0.0,252.51,0.0,0.0,22409.96,2985.95,0.0,0.0,1,0,4,0,0,3,2,2,1,3
415,E00006256,0.0,80.98,4416.38,4394.360000000001,0.0,12143.77,0.0,3266.63,9530.91,0.0,1,6,1,4,0,1,0,2,1,5
416,E00014819,0.0,73.79,0.0,0.0,0.0,198.11,17218.94,0.0,0.0,0.0,4,5,5,2,5,0,2,2,4,7
417,E00017707,0.0,0.0,18415.58,226.27,0.0,0.0,0.0,0.0,2157.92,0.0,2,2,3,7,4,1,2,2,4,3
418,E00004569,0.0,421.1,59.02,212.35,0.0,0.0,0.0,3480.38,26421.6,0.0,0,0,2,0,5,1,0,2,1,2
419,E00002926,0.0,0.0,262.88000000000005,5.81,0.0,0.0,10110.21,0.0,0.0,0.0,5,2,0,3,1,1,3,0,2,3
420,E00011830,0.0,0.0,16819.38,0.0,0.0,6644.54,12614.4,1253.77,0.0,0.0,3,1,5,6,5,4,4,2,3,7
421,E00005986,0.0,1181.88,17041.27,0.0,0.0,10061.36,13239.26,20743.08,0.0,0.0,1,5,3,0,0,4,0,4,0,5
422,E00023024,0.0,3782.43,3493.78,0.0,0.0,13047.41,178.61,0.0,0.0,0.0,2,4,4,4,2,4,3,2,4,3
423,E00167118,0.0,0.0,5753.18,0.0,0.0,0.0,0.0,0.0,0.0,33479.73,5,6,3,2,4,4,3,2,2,2
424,E00004396,0.0,0.0,5199.35,100.27,0.0,10569.29,0.0,0.0,65.38,0.0,1,6,3,4,4,1,0,2,3,3
425,E00010990,0.0,0.0,0.0,0.0,0.0,50626.14,8331.37,0.0,0.0,0.0,2,4,6,6,0,1,2,3,5,6
426,E00013699,0.0,2916.23,0.0,0.0,0.0,6028.52,0.0,0.0,2596.57,0.0,5,5,3,4,3,4,4,4,4,3
427,E00010867,0.0,32849.32,0.0,0.0,0.0,18854.79,2526.45,6680.94,0.0,100.16,3,4,4,3,3,3,4,1,4,3
428,E00020453,0.0,0.0,9545.61,0.0,0.0,0.0,0.0,0.0,0.0,3694.57,5,1,6,5,5,0,1,4,2,2
429,E00009829,0.0,75.81,92.13,0.0,0.0,4686.34,5692.12,0.0,0.0,0.0,4,5,6,0,1,4,4,4,3,3
430,E00013114,0.0,306.97,0.0,0.0,0.0,10072.36,0.0,0.0,0.0,0.0,3,2,3,1,3,3,1,4,4,3
431,E00015034,0.0,22529.08,0.0,0.0,0.0,77989.74,0.0,0.0,0.0,0.0,5,4,0,0,4,1,4,2,3,6
432,E00005609,0.0,22193.21,621.23,0.0,0.0,126.38,19959.78,0.0,0.0,0.0,3,4,3,3,4,4,2,2,4,3
433,E00021865,0.0,49815.84,9383.13,0.0,0.0,10138.92,0.0,0.0,0.0,0.0,5,1,6,2,2,4,1,1,2,3
434,E00166784,0.0,9384.03,399.83,90391.6,0.0,78134.78,0.0,44106.04,0.0,0.0,0,3,0,0,0,1,0,0,3,3
435,E00170310,0.0,0.0,106.9,0.0,0.0,27577.5,0.0,0.0,0.0,0.0,4,6,6,5,2,4,3,2,1,5
436,E00022514,0.0,0.0,0.0,0.0,0.0,0.0,0.0,0.0,22900.85,0.0,4,5,5,1,0,1,0,4,5,8
437,E00004511,0.0,1365.35,22522.1,581.86,15257.09,0.0,116.64,0.0,0.0,0.0,4,6,4,0,4,1,0,4,3,2
438,E00023052,0.0,0.0,4457.66,1576.3,0.0,0.0,0.0,1440.07,20423.72,1110.48,2,1,6,0,3,3,3,1,1,8
439,E00016098,0.0,0.0,4807.61,0.0,0.0,6963.28,0.0,1376.4,0.0,0.0,5,3,0,7,0,3,3,4,1,3
440,E00020970,0.0,4229.97,0.0,0.0,0.0,29513.37,11764.98,0.0,0.0,0.0,2,1,3,0,0,4,0,1,5,8
441,E00023428,0.0,0.0,11971.72,0.0,0.0,0.0,0.0,0.0,238.59,0.0,2,1,3,1,2,1,3,2,1,2
442,E00002843,0.0,0.0,7527.09,0.0,0.0,0.0,0.0,3362.56,5533.7,0.0,2,4,2,0,3,4,0,1,1,3
443,E00006739,0.0,152.94,41657.56,0.0,0.0,11295.72,64.74,5838.75,0.0,0.0,1,3,2,5,1,2,4,4,1,2
444,E00002461,0.0,0.0,39491.41,7798.42,0.0,0.0,0.0,900.39,0.0,0.0,4,4,5,0,2,1,0,4,4,5
445,E00016510,0.0,0.0,0.0,0.0,0.0,37440.6,0.0,0.0,0.0,0.0,5,1,4,0,4,1,3,2,2,8
446,E00010190,0.0,0.0,14418.75,0.0,0.0,0.0,0.0,663.36,6136.44,0.0,1,3,3,5,1,3,3,0,3,3
447,E00018831,0.0,24235.24,525.72,0.0,0.0,16829.03,15745.03,9127.4,0.0,2802.23,3,1,2,0,2,4,0,1,5,8
448,E00019528,0.0,59.76,11028.73,0.0,0.0,0.0,0.0,0.0,16823.09,0.0,4,3,1,4,0,4,2,2,1,8
449,E00019486,0.0,0.0,20602.0,0.0,0.0,0.0,0.0,0.0,3575.29,0.0,1,1,2,6,0,4,4,4,5,8
450,E00006123,0.0,293.75,0.0,0.0,0.0,26873.68,4845.29,514.42,2235.48,0.0,4,3,3,3,1,1,4,2,1,2
451,E00014777,0.0,1871.57,15832.52,43.77,0.0,0.0,0.0,3623.26,12347.43,0.0,1,1,0,3,0,1,0,0,0,2
452,E00014557,0.0,25187.05,0.0,0.0,0.0,4090.91,0.0,6601.84,1996.92,0.0,1,6,0,7,0,1,3,0,0,2
453,E00003108,0.0,0.0,0.0,461.28,0.0,0.0,0.0,804.04,17138.87,0.0,3,4,5,5,3,4,1,3,2,5
454,E00012071,0.0,28.56,0.0,0.0,0.0,31019.05,21422.15,0.0,0.0,0.0,3,5,6,1,0,4,1,1,1,6
455,E00167216,0.0,0.46,0.0,0.0,0.0,3574.99,0.0,0.0,7723.73,0.0,2,5,3,5,4,3,3,2,4,3
456,E00013523,0.0,0.0,10116.33,0.0,0.0,6059.74,8357.12,3287.3,0.0,0.0,1,3,6,1,3,1,0,4,1,2
457,E00023758,0.0,0.0,12549.28,0.0,0.0,20338.29,113.3,307.35,24.21,7769.99,1,6,1,2,1,4,3,3,3,2
458,E00007188,120844.53,42532.75,7334.53,17037.94,0.0,15246.59,22869.37,1400.09,0.0,24306.31,5,6,3,4,4,4,2,3,3,5
459,E00022037,0.0,846.19,15620.56,1035.73,0.0,537.56,12941.03,7712.31,8277.130000000001,0.0,1,3,4,0,0,1,0,2,1,5
460,E00000547,0.0,24418.72,16.96,0.0,46.39,35253.04,1822.84,0.0,0.0,0.0,4,3,3,3,0,0,2,1,4,5
461,E00174685,0.0,0.0,0.0,0.0,0.0,1588.56,15201.61,0.0,0.0,0.0,4,6,3,7,5,0,1,4,2,3
462,E00015356,0.0,0.0,6687.48,0.0,0.0,0.0,0.0,0.0,1342.88,0.0,4,5,6,6,4,4,2,4,2,3
463,E00005605,0.0,248.01,0.0,0.0,0.0,23193.18,14682.4,0.0,0.0,0.0,4,5,1,5,1,3,2,4,3,6
464,E00008491,0.0,0.0,25674.7,0.0,0.0,3398.64,438.73,586.4,0.0,0.0,1,2,5,7,0,3,0,0,4,3
465,E00006571,177849.26,21232.25,1712.68,0.0,0.0,51355.27,0.0,18968.8,0.0,0.0,3,5,3,2,2,3,0,0,1,5
466,E00003392,0.0,0.0,22348.23,0.0,0.0,0.0,38.68,5132.03,44.43,0.0,3,1,4,0,0,4,3,1,1,3
467,E00015524,0.0,0.0,3286.1800000000003,70.19,55.31,0.0,0.0,7294.72,14268.1,0.0,0,6,6,3,0,4,0,2,0,3
468,E00024086,0.0,0.0,9204.23,0.0,0.0,0.0,0.0,61.63,3321.92,0.0,1,1,4,6,4,2,4,2,5,3
469,E00003524,0.0,16371.47,0.0,5978.599999999999,0.0,62080.49,0.0,0.0,0.0,0.0,3,1,4,0,4,1,0,0,1,4
470,E00005629,0.0,0.0,0.0,0.0,0.0,57991.84,0.0,0.0,0.0,0.0,1,6,6,1,3,4,2,2,3,6
471,E00021408,0.0,1975.99,15693.29,0.0,0.0,16538.43,0.0,10245.78,0.0,0.0,1,6,0,0,0,1,0,0,0,2
472,E00012636,0.0,0.0,0.0,0.0,0.0,51276.92,559.74,0.0,13539.76,0.0,2,1,2,0,0,1,3,4,5,8
473,E00004598,0.0,0.0,12862.79,0.0,0.0,178.46,0.0,0.0,0.0,0.0,4,4,1,2,4,3,1,1,1,3
474,E00010393,0.0,0.0,17779.43,0.0,0.0,5238.39,0.0,2904.68,0.0,0.0,1,6,4,5,4,1,0,0,3,3
475,E00006776,0.0,0.0,14582.25,11248.63,0.0,12933.77,0.0,2402.65,0.0,2344.7,3,5,6,4,5,4,0,0,4,5
476,E00008170,0.0,1711.03,917.54,0.0,6081.8,0.0,9059.04,0.0,14742.73,0.0,1,1,3,1,0,4,4,4,1,8
477,E00003714,0.0,19636.56,15794.11,0.0,0.0,56485.380000000005,80.07,1492.43,0.0,1600.0,1,1,2,1,4,1,2,1,1,6
478,E00019245,0.0,0.0,16487.2,0.0,0.0,15623.68,211.06,0.0,0.0,0.0,3,4,3,7,1,1,2,2,4,8
479,E00024031,0.0,0.0,0.0,0.0,61.72,0.0,0.0,1718.52,17337.59,0.0,0,0,0,0,0,1,0,0,0,2
480,E00012363,0.0,0.0,0.0,0.0,0.0,99335.16,0.0,7210.55,0.0,0.0,4,6,3,4,1,4,3,3,1,5
481,E00012912,0.0,0.0,0.0,0.0,0.0,6428.87,28950.09,2756.2,0.0,0.0,4,5,3,5,5,4,3,2,3,5
482,E00023364,0.0,0.0,75.59,0.0,0.0,172.88,18161.29,0.0,0.0,0.0,3,3,4,0,3,4,2,3,1,2
483,E00015866,0.0,0.0,39119.04,0.0,0.0,0.0,0.0,0.0,0.0,0.0,4,6,6,1,3,3,2,2,3,5
484,E00006161,0.0,2595.08,61.1,0.0,0.0,27861.02,2934.08,0.0,146.61,0.0,1,5,3,3,3,2,4,2,4,5
485,E00013723,0.0,0.0,20729.41,0.0,0.0,0.0,0.0,0.0,83.42,0.0,2,2,3,0,0,1,0,0,4,3
486,E00022478,0.0,0.0,36028.49,44.47,0.0,0.0,0.0,0.0,5154.82,0.0,3,4,5,3,0,4,0,0,4,5
487,E00023197,0.0,0.0,0.0,0.0,0.0,0.0,0.81,0.0,19753.36,0.0,2,4,3,3,0,4,2,2,1,2
488,E00005848,0.0,317158.2,0.0,0.0,0.0,34216.62,0.0,17126.81,0.0,0.0,2,5,1,2,2,1,0,1,2,5
489,E00004074,0.0,857.09,0.0,0.0,0.0,49866.08,0.0,8776.64,0.0,0.0,1,0,0,3,3,1,0,0,0,8
490,E00014412,0.0,925.37,10943.27,0.0,0.0,0.0,0.0,0.0,2741.45,0.0,1,4,6,3,4,1,2,0,2,3
491,E00017599,0.0,0.0,242.79,0.0,0.0,0.0,0.0,0.0,19041.89,0.0,1,4,2,5,0,4,4,3,5,8
492,E00016166,0.0,0.0,17338.94,0.0,0.0,0.0,0.0,0.0,0.0,0.0,4,1,2,3,3,1,0,4,0,2
493,E00017943,0.0,0.0,6682.639999999999,0.0,0.0,0.0,9148.77,4622.69,62.81,0.0,2,4,5,5,2,2,2,2,2,3
494,E00013673,0.0,0.0,5545.57,0.0,0.0,122.94,0.0,1547.4,0.0,0.0,1,6,6,3,3,1,4,3,1,3
495,E00005303,0.0,557.54,0.0,0.0,0.0,3311.9300000000003,13950.64,3560.19,0.0,0.0,3,6,6,1,4,1,4,4,3,8
496,E00015968,0.0,0.0,9748.17,0.0,0.0,0.0,0.0,0.0,6026.74,0.0,4,4,6,7,1,4,3,2,2,3
497,E00015358,0.0,0.0,19790.7,0.0,0.0,0.0,0.0,2182.02,0.0,0.0,2,4,6,0,3,4,0,2,1,3
498,E00011411,0.0,27.15,0.0,0.0,0.0,34172.35,0.0,0.0,0.0,0.0,5,3,4,5,5,4,2,2,2,4
499,E00021963,0.0,0.0,24245.62,1912.82,0.0,0.0,0.0,2602.39,0.0,0.0,4,3,5,0,4,4,3,0,3,5
500,E00001256,0.0,569.8499999999999,0.0,0.0,51.74,37436.71,8247.29,0.0,0.0,0.0,4,1,2,0,2,4,2,1,5,5
501,E00021992,0.0,0.0,230.33,56.95,0.0,0.0,0.0,0.0,12311.64,0.0,3,6,4,6,4,3,2,4,4,3
502,E00005437,0.0,0.0,31214.7,0.0,0.0,0.0,0.0,0.0,1550.24,0.0,1,0,3,7,3,1,0,0,3,5
503,E00015613,0.0,0.0,13457.55,0.0,1475.62,0.0,0.0,0.0,6548.04,0.0,1,2,2,0,5,1,0,4,3,2
504,E00017655,0.0,11.57,71.07,0.0,0.0,0.0,0.0,0.0,14835.65,0.0,4,6,3,3,1,2,2,4,1,5
505,E00007804,0.0,0.0,24826.68,0.0,0.0,4449.33,0.0,1227.18,0.0,0.0,1,3,0,0,4,4,0,4,1,5
506,E00014067,0.0,0.0,12738.88,0.0,0.0,0.0,0.0,501.27,11564.96,0.0,2,0,0,0,0,1,0,0,1,2
507,E00171091,0.0,16368.44,18830.92,0.0,0.0,20625.72,6371.29,0.0,0.0,0.0,2,5,3,4,5,1,2,1,5,5
508,E00008126,0.0,7299.38,1227.39,0.0,0.0,38967.86,0.0,0.0,233.56,0.0,3,4,4,3,2,1,2,3,3,3
509,E00001093,0.0,8459.85,27874.55,0.0,0.0,8295.73,34615.95,2105.64,0.0,0.0,3,3,0,0,0,4,0,1,2,5
510,E00009148,0.0,1060.22,28208.28,186.51,0.0,0.0,0.0,1857.21,0.0,0.0,4,5,0,0,4,1,3,4,3,3
511,E00008390,0.0,23.16,0.0,0.0,0.0,34382.96,1608.47,0.0,0.0,0.0,4,4,4,3,3,3,1,2,2,5
512,E00003510,0.0,3964.18,0.0,17909.24,0.0,39426.51,10347.94,5574.44,275.34,0.0,0,0,0,0,0,1,0,0,0,8
513,E00016498,0.0,0.0,0.0,0.0,0.0,82160.89,0.0,8241.84,0.0,0.0,1,1,2,3,0,1,0,0,1,5
514,E00004683,0.0,0.0,0.0,0.0,0.0,0.0,14144.92,0.0,0.0,0.0,2,2,4,6,0,3,4,2,4,3
515,E00002674,0.0,0.0,1828.09,0.0,0.0,0.0,3107.8,0.0,0.0,0.0,4,3,4,5,1,4,4,0,2,3
516,E00175226,0.0,36273.08,0.0,0.0,0.0,0.0,0.0,5087.32,55731.03,13310.82,0,1,0,0,0,3,0,0,0,2
517,E00009254,0.0,0.0,49.99,0.0,0.0,3.05,0.0,3254.76,16769.65,0.0,1,0,3,0,0,2,0,2,0,2
518,E00000457,180502.81,0.0,243.09,286.51,0.0,17037.31,141.38,0.0,1300.0,2500.0,1,0,0,0,0,1,0,0,5,5
519,E00003379,0.0,3475.87,17229.98,0.0,0.0,31370.16,0.0,22500.91,0.0,0.0,0,1,2,0,0,1,3,0,0,8
520,E00018802,0.0,0.0,0.0,0.0,0.0,0.0,41383.25,0.0,0.0,0.0,4,5,3,4,5,4,0,1,2,5
521,E00015988,0.0,0.0,8549.45,0.0,0.0,0.0,0.0,0.0,13278.28,0.0,4,3,5,3,3,1,4,1,3,8
522,E00014825,0.0,2429.1,0.0,0.0,0.0,28486.67,26672.29,533.26,0.0,0.0,2,3,3,1,4,3,2,2,2,4
523,E00010979,0.0,8916.31,0.0,0.0,0.0,51791.61,228.77,0.0,0.0,0.0,2,4,2,4,0,1,3,1,5,3
524,E00015014,0.0,147124.65,0.0,0.0,32387.64,46461.27,0.0,2355.87,0.0,0.0,0,4,2,0,4,4,0,2,1,5
525,E00020241,0.0,0.0,39991.11,0.0,0.0,0.0,0.0,1054.14,413.87,0.0,3,6,5,6,4,4,4,3,3,2
526,E00018737,0.0,0.0,2445.88,0.0,0.0,4.28,18344.41,0.0,0.0,0.0,4,2,3,3,4,4,1,2,4,5
527,E00003927,0.0,30142.800000000003,6000.0,800.0,0.0,48598.22,0.0,26408.86,0.0,0.0,1,6,0,0,3,1,3,1,0,8
528,E00009948,0.0,16476.7,0.0,0.0,0.0,28272.82,411.52,0.0,0.0,0.0,1,1,1,0,0,1,0,1,0,2
529,E00000039,0.0,0.0,0.0,0.0,0.0,0.0,13600.73,6526.16,0.0,4690.17,1,5,0,0,1,4,4,4,0,3
530,E00010806,0.0,0.0,0.0,2342.77,0.0,32880.09,0.0,5122.95,0.0,0.0,1,3,3,0,0,1,0,3,1,5
531,E00011479,0.0,18855.19,10341.6,81486.79,0.0,11621.06,23281.09,9506.96,26096.01,0.0,1,0,0,0,0,1,0,0,1,8
532,E00017341,0.0,9.81,15749.15,0.0,0.0,19703.02,13153.2,8830.81,0.0,0.0,1,0,2,1,3,4,0,1,1,2
533,E00009341,0.0,0.0,29194.42,0.0,6832.46,168.36,0.0,12838.75,19793.35,0.0,1,0,2,0,0,1,0,0,0,2
534,E00171155,0.0,0.0,0.0,70.73,0.0,12536.97,10111.3,0.0,3444.59,0.0,1,3,1,6,3,4,4,2,1,3
535,E00022580,0.0,67.99,14893.13,9355.68,1859.24,116.85,0.0,5893.79,9884.47,0.0,1,0,2,0,3,1,3,0,1,5
536,E00002502,0.0,0.0,0.0,0.0,0.0,40381.1,173.16,0.0,0.0,0.0,4,5,2,0,0,2,3,3,5,5
537,E00015218,0.0,0.0,0.0,0.0,7851.15,0.0,0.0,0.0,10273.33,0.0,3,6,5,4,1,3,3,0,5,2
538,E00003059,0.0,2224.69,13891.57,0.0,0.0,10860.64,19447.69,9076.71,0.0,0.0,2,1,2,3,0,4,0,2,1,5
539,E00009419,0.0,7305.4,1280.99,0.0,0.0,7893.13,0.0,0.0,15977.71,0.0,5,6,3,5,4,2,2,1,3,2
540,E00014381,0.0,791.1,198.67,0.0,0.0,1108.71,0.0,4697.29,5349.03,0.0,2,4,3,2,0,1,2,2,4,2
541,E00005647,0.0,0.0,28977.61,0.0,0.0,0.0,0.0,0.0,0.0,0.0,2,4,0,1,0,4,0,4,5,8
542,E00006994,0.0,0.0,13.15,0.0,0.0,38188.42,3662.18,0.0,0.0,0.0,3,5,6,3,3,4,4,4,2,6
543,E00020754,0.0,0.0,7521.54,0.0,0.0,4935.26,28941.83,0.0,0.0,0.0,1,4,4,0,4,1,0,4,3,7
544,E00002057,0.0,0.0,0.0,0.0,0.0,31799.73,0.0,0.0,0.0,0.0,1,1,2,7,3,3,1,2,1,8
545,E00023627,0.0,0.0,0.0,0.0,0.0,0.0,0.0,2719.36,8450.78,0.0,1,0,2,1,0,4,0,4,0,2
546,E00010109,0.0,0.0,368.3,0.0,0.0,0.0,0.0,0.0,17578.3,0.0,4,4,4,0,3,1,3,4,5,3
547,E00012730,0.0,0.0,0.0,0.0,0.0,19287.77,0.0,2423.76,0.0,173.42,3,6,3,4,3,4,2,4,4,5
548,E00004788,0.0,0.0,11014.73,0.0,0.0,0.0,0.0,2657.31,883.56,0.0,1,6,0,3,3,4,4,1,1,2
549,E00022945,0.0,459.39,14400.54,0.0,0.0,0.0,0.0,0.0,6773.37,0.0,1,1,1,2,0,3,4,1,3,2
550,E00015076,0.0,727.94,54.7,0.0,0.0,16461.04,13062.12,1008.6,0.0,0.0,1,6,2,5,4,4,2,0,1,2
551,E00018565,0.0,0.0,23239.56,0.0,0.0,0.0,0.0,0.0,0.0,0.0,2,3,6,3,2,4,3,4,5,5
552,E00019267,0.0,72.62,0.0,0.0,0.0,22823.67,87.94,0.0,0.0,0.0,5,4,4,4,0,1,0,2,1,8
553,E00005244,0.0,9125.86,3531.63,0.0,0.0,0.0,0.0,5069.75,8878.970000000001,0.0,1,5,3,0,3,4,3,4,1,5
554,E00004363,0.0,7749.870000000001,20076.99,0.0,0.0,0.0,385.42,552.61,0.0,0.0,1,6,5,4,5,1,2,2,3,3
555,E00010678,0.0,0.0,239.86,0.0,0.0,147.46,34021.92,0.0,0.0,0.0,3,5,1,7,4,4,1,2,4,5
556,E00005435,0.0,0.0,1837.05,1513.31,0.0,12356.82,0.0,6050.71,24028.57,0.0,1,3,0,0,0,1,0,0,0,5
557,E00007526,0.0,245824.92,16604.45,4164.94,20057.7,12479.19,2840.12,2067.67,1787.77,0.0,2,3,1,4,2,3,0,3,1,8
558,E00007472,0.0,0.0,12487.06,366.0,0.0,557.52,14332.88,8515.95,0.0,0.0,1,4,0,0,4,1,3,0,2,5
559,E00004568,0.0,0.0,11824.07,1014.78,0.0,0.0,0.0,2563.51,12885.58,0.0,0,0,0,0,0,1,0,2,0,2
560,E00019601,0.0,0.0,11863.41,348.29,0.0,115.83,0.0,2191.6,3342.66,0.0,1,4,2,0,5,4,4,0,1,2
561,E00003584,0.0,323.26,0.0,0.0,0.0,44844.22,0.0,0.0,2911.99,0.0,2,4,6,1,0,4,4,4,1,7
562,E00013161,0.0,0.0,27921.33,0.0,0.0,0.0,6003.22,1442.49,0.0,0.0,5,4,6,5,1,4,3,2,4,5
563,E00015451,0.0,4661.6,110.2,794.81,0.0,6753.07,20780.52,10755.81,0.0,0.0,1,1,4,5,0,4,0,0,3,3
564,E00022850,0.0,465.17,10877.01,0.0,0.0,0.0,0.0,5068.65,7527.11,0.0,1,3,0,3,0,4,2,0,0,2
565,E00007464,0.0,1062.29,457.5,18869.16,0.0,41108.02,9125.2,0.0,0.0,0.0,1,3,3,5,4,1,4,0,3,5
566,E00019190,0.0,9150.58,0.0,0.0,0.0,58791.44,0.0,0.0,0.0,18962.92,5,1,1,4,3,0,1,1,2,8
567,E00013489,0.0,198.55,0.0,900.0,0.0,0.0,0.0,10153.05,16700.72,0.0,1,0,0,4,0,1,0,0,0,2
568,E00011033,0.0,0.0,0.0,0.0,0.0,48838.44,0.0,0.0,0.0,0.0,4,3,5,0,4,3,4,4,2,5
569,E00004940,0.0,0.0,586.39,0.0,0.0,12962.07,31599.5,0.0,0.0,0.0,3,5,4,3,4,4,2,1,1,5
570,E00018933,0.0,8902.29,14292.51,0.0,0.0,18681.39,0.0,0.0,0.0,519.65,2,1,5,4,0,1,4,2,4,5
571,E00017041,0.0,20.05,19527.77,0.0,0.0,258.6,0.0,0.0,0.0,0.0,5,4,5,4,1,2,4,4,4,2
572,E00022535,0.0,0.0,15498.72,0.0,0.0,0.0,0.0,0.0,7040.58,0.0,5,3,3,2,4,3,4,4,2,2
573,E00000043,0.0,0.0,2517.65,0.0,0.0,0.0,12750.05,0.0,0.0,2253.46,2,5,6,1,2,4,4,4,3,3
574,E00016678,0.0,0.0,13276.93,0.0,0.0,0.0,124.36,0.0,0.0,0.0,1,5,6,3,1,4,2,2,1,3
575,E00010920,0.0,236.14,23546.43,1416.2199999999998,0.0,38.44,2230.59,3139.03,4412.410000000001,0.0,2,3,2,3,5,4,2,1,1,5
576,E00016267,0.0,0.0,39958.7,0.0,0.0,156.86,0.0,0.0,0.0,0.0,1,1,3,0,4,4,0,4,1,5
577,E00020755,0.0,1165.51,4144.29,0.0,0.0,17609.19,7689.45,2648.69,0.0,0.0,2,3,4,3,0,1,3,2,1,7
578,E00006373,0.0,3524.42,0.01,165.19,0.0,30955.15,206.95,0.0,0.0,0.0,5,5,1,3,5,4,3,3,2,2
579,E00006180,0.0,0.0,25894.65,0.0,16307.48,524.56,0.0,0.0,6714.53,0.0,1,1,0,0,0,1,3,3,1,8
580,E00010945,141711.65,206609.28,0.0,0.0,0.0,99063.89,3100.0,0.0,0.0,0.0,5,1,1,4,2,0,1,1,2,6
581,E00003454,0.0,0.0,0.0,788.62,0.0,17202.49,49.84,2548.34,13561.95,0.0,1,3,4,0,0,3,0,0,1,2
582,E00019420,0.0,570241.49,887.29,0.0,0.0,9194.76,0.0,1768.46,7850.559999999999,32265.01,5,1,1,2,2,4,1,1,2,8
583,E00018836,0.0,114506.55,0.0,0.0,0.0,59895.35,21248.33,0.0,0.0,1158.74,3,3,3,7,5,1,4,3,5,6
584,E00023378,0.0,0.0,0.0,0.0,0.0,68551.0,19945.56,0.0,0.0,0.0,1,6,3,3,0,1,3,3,3,8
585,E00013264,0.0,447.44,18534.91,0.0,0.0,0.0,0.0,0.0,0.0,700.0,3,6,6,0,1,1,0,2,2,2
586,E00001265,0.0,8881.64,15856.29,87.32,0.0,140422.47,10949.46,0.0,0.0,600.0,1,4,4,5,4,4,3,1,1,8
587,E00004547,0.0,0.0,413.3,300.13,0.0,0.0,0.0,39.24,49286.73,0.0,0,0,0,0,0,1,0,0,0,2
588,E00008041,0.0,41963.48,1520.5,0.0,0.0,23913.61,0.0,3200.8,6984.22,0.0,2,4,2,5,3,1,0,4,1,8
589,E00002092,0.0,14548.08,0.0,0.0,0.0,46342.44,3239.68,3183.92,0.0,0.0,1,5,4,0,0,3,0,3,3,6
590,E00005988,0.0,0.0,12693.58,0.0,0.0,0.0,1892.84,0.0,11485.58,0.0,2,6,5,0,1,3,0,0,3,5
591,E00013790,0.0,0.0,10405.47,796.98,0.0,0.0,0.0,377.13,12193.88,0.0,2,6,6,3,3,1,4,2,1,2
592,E00023115,0.0,0.0,10047.97,0.0,0.0,0.0,0.0,0.0,10616.14,0.0,0,6,2,0,4,3,2,2,0,3
593,E00009006,0.0,365.19,12696.33,0.0,0.0,127.2,475.4,2578.81,0.0,0.0,4,1,5,3,4,4,0,4,3,2
594,E00021843,0.0,18463.7,54.91,0.0,0.0,13530.67,0.0,0.0,7585.71,0.0,1,4,3,6,4,1,3,2,2,5
595,E00019452,0.0,0.0,11210.52,0.0,0.0,29294.73,0.0,5224.42,1669.7,0.0,2,0,4,0,0,1,0,1,1,8
596,E00010941,0.0,1209.21,22561.31,0.0,0.0,46798.92,0.0,2349.28,0.0,0.0,3,4,2,5,2,1,3,1,2,8
597,E00022846,0.0,0.0,76.3,0.0,0.0,309.82,9601.96,0.0,0.0,0.0,3,5,3,4,4,2,3,4,3,3
598,E00009626,0.0,1621.84,0.0,0.0,0.0,14685.94,0.0,6367.28,1500.82,0.0,1,3,3,0,3,3,0,4,1,2
599,E00011139,0.0,16747.12,103.05,0.0,0.0,30804.81,19101.65,0.0,13965.47,0.0,1,3,2,0,4,1,3,4,1,5
600,E00021908,0.0,0.0,0.0,0.0,84.48,78629.77,17731.16,115.66,0.0,0.0,1,3,6,0,0,4,2,4,5,5
601,E00000147,0.0,0.0,0.0,0.0,0.0,257.93,38103.84,0.0,0.0,0.0,1,1,3,0,0,3,0,2,2,5
602,E00000980,0.0,0.0,7010.759999999999,0.0,0.0,10269.55,1525.49,15327.62,3929.04,0.0,2,1,0,3,3,4,0,0,1,3
603,E00014931,0.0,380.98,26309.86,3086.07,0.0,0.0,0.0,0.0,0.0,906.27,2,4,5,3,0,4,3,2,2,8
604,E00014728,0.0,0.0,8189.27,0.0,0.0,13293.7,0.0,3212.74,0.0,0.0,1,1,2,1,1,1,3,2,1,2
605,E00010581,0.0,0.0,0.0,0.0,0.0,41933.81,13.04,0.0,0.0,0.0,2,4,4,3,3,1,2,1,2,5
606,E00007164,0.0,3233.26,0.0,0.0,0.0,20855.89,15447.26,0.0,0.0,0.0,4,3,6,7,3,4,2,2,1,5
607,E00009512,0.0,0.0,3616.17,0.0,0.0,0.0,0.0,2556.41,7130.4,0.0,5,1,3,0,0,1,3,1,1,2
608,E00000833,0.0,505.4,29836.17,718.72,0.0,0.0,161.3,0.0,0.0,0.0,5,6,4,2,3,4,2,2,4,5
609,E00021620,0.0,0.0,5326.64,800.0,0.0,0.0,0.0,20912.16,12683.6,0.0,0,0,0,0,5,1,0,0,0,3
610,E00007276,0.0,51.44,15370.4,0.0,0.0,0.0,10886.14,0.0,0.0,0.0,4,3,1,4,1,4,3,4,2,5
611,E00019181,0.0,2825778.46,0.0,0.0,0.0,83936.00000000001,27547.81,803.46,0.0,4800.0,5,1,1,2,2,0,1,1,2,8
612,E00021210,0.0,0.0,24.31,0.0,0.0,10408.21,0.0,943.88,0.0,0.0,1,4,6,1,1,1,3,2,3,3
613,E00021046,0.0,0.0,24210.49,0.0,0.0,0.0,0.0,804.59,8343.78,0.0,3,0,2,1,3,3,2,1,1,8
614,E00000478,0.0,0.0,4647.34,86878.47,0.0,56256.27,273.68,0.0,102.8,25125.18,1,0,0,0,0,1,0,0,2,5
615,E00174878,0.0,0.0,26956.17,0.0,23.58,0.0,0.0,851.11,82.92,0.0,2,1,5,6,4,3,3,3,1,2
616,E00001321,0.0,5424.76,0.0,499.0,0.0,46468.65,4987.57,0.0,0.0,0.0,2,1,2,0,0,4,0,2,5,8
617,E00021764,0.0,0.0,14880.51,0.0,0.0,0.0,99.7,0.0,104.65,0.0,1,6,4,7,0,2,3,2,1,2
618,E00017359,0.0,100.96,15275.5,0.0,0.0,28995.02,4811.63,0.0,0.0,0.0,3,2,6,5,1,4,1,4,3,5
619,E00006409,0.0,0.0,10516.15,0.0,0.0,10130.56,11959.5,0.0,0.0,0.0,3,1,1,3,3,1,4,4,5,5
620,E00020208,0.0,0.0,8761.2,0.0,0.0,0.0,0.0,0.0,0.0,0.0,3,5,4,3,5,4,4,2,3,3
621,E00022483,0.0,0.0,23341.22,6011.2,0.0,0.0,0.0,2623.92,7055.56,0.0,1,6,1,4,3,1,2,0,4,5
622,E00005995,0.0,0.0,3777.15,0.0,0.0,0.0,23090.23,0.0,621.14,0.0,4,1,3,2,4,4,2,3,1,2
623,E00016847,0.0,10007.7,4238.530000000001,0.0,0.0,4140.27,0.0,1248.54,0.0,0.0,4,1,5,1,0,1,2,1,4,3
624,E00013426,0.0,13.63,1015.52,0.0,0.0,0.0,6748.8,0.0,898.22,0.0,1,3,2,0,1,2,0,3,0,3
625,E00005730,0.0,0.0,6551.34,398.77,0.0,0.0,20528.1,0.0,0.0,0.0,4,2,6,0,0,3,0,1,3,5
626,E00017144,0.0,0.0,24724.51,195.87,0.0,0.0,0.0,0.0,0.0,0.0,5,4,5,0,0,3,2,2,3,5
627,E00013144,0.0,44337.81,3466.04,265.89,0.0,15752.13,0.0,0.0,4895.72,0.0,2,1,6,3,4,4,0,2,2,5
628,E00023358,0.0,0.0,126.0,0.0,0.0,79.05,19071.01,0.0,0.0,0.0,4,2,3,3,2,4,2,2,1,2
629,E00019318,0.0,0.0,0.0,0.0,0.0,37766.01,0.0,13789.62,0.0,0.0,4,5,3,5,0,4,2,4,1,5
630,E00009853,0.0,0.0,21691.87,0.0,0.0,1910.85,0.0,0.0,0.0,0.0,5,4,5,3,4,2,4,1,4,2
631,E00013045,0.0,0.0,0.0,0.0,0.0,81017.65,0.0,9922.44,0.0,0.0,3,3,5,1,3,1,2,2,3,5
632,E00019374,0.0,13608.79,9469.570000000002,0.0,0.0,44524.6,0.0,4554.97,0.0,0.0,1,4,1,5,0,0,3,1,3,8
633,E00022890,0.0,206.52,7779.19,0.0,0.0,0.0,1937.55,6348.71,7029.88,0.0,1,1,3,0,3,3,0,3,3,2
634,E00009263,0.0,0.0,0.0,0.0,0.0,672.27,0.0,5245.63,7228.71,0.0,2,1,3,3,1,1,4,1,0,2
635,E00010830,0.0,34813.11,0.0,0.0,0.0,21789.23,13519.46,0.0,0.0,0.0,3,4,0,5,5,0,1,1,2,5
636,E00010638,0.0,0.0,0.0,0.0,0.0,41330.02,0.0,0.0,0.0,0.0,2,4,6,3,0,4,4,0,1,5
637,E00006980,0.0,0.0,23207.16,0.0,0.0,12447.87,0.0,0.0,0.0,0.0,4,4,1,6,4,3,2,2,3,5
638,E00004629,0.0,0.0,12682.17,0.0,0.0,0.0,324.33,0.0,12.12,0.0,2,3,6,3,5,2,4,4,2,2
639,E00023793,0.0,32313.47,800.21,0.0,0.0,21741.59,578.69,0.0,0.0,0.0,3,4,4,5,3,0,1,2,2,3
640,E00020745,0.0,17395.4,0.0,0.0,0.0,66931.43,0.0,0.0,0.0,0.0,3,5,4,0,4,1,0,1,3,6
641,E00005705,0.0,14777.08,8299.02,0.0,0.0,2514.23,0.0,2365.52,0.0,0.0,1,3,4,6,4,4,1,1,3,3
642,E00021938,0.0,4249.35,0.0,0.0,0.0,31246.66,19319.6,2443.77,0.0,0.0,2,5,4,0,4,4,3,1,4,5
643,E00017348,0.0,10730.19,12112.3,0.0,51716.8,22492.15,1873.68,3320.24,0.0,0.0,1,3,4,0,4,1,0,1,1,8
644,E00023841,0.0,0.0,0.0,0.0,0.0,0.0,0.0,0.0,21859.89,0.0,0,0,0,0,0,1,0,0,1,2
645,E00001153,0.0,2814.01,7818.57,435.28,0.0,41220.3,230.76,669.6,0.0,0.0,3,6,2,4,2,1,3,2,2,5
646,E00020624,0.0,0.0,4139.08,0.0,0.0,9585.9,11771.93,1289.29,5785.81,0.0,3,3,2,1,1,4,2,0,1,8
647,E00006596,0.0,13695.34,1362.99,69322.19,0.0,21853.49,3975.54,12366.67,17055.370000000003,2032.02,0,6,0,0,1,1,0,4,0,5
648,E00016519,0.0,871.1,8979.99,2475.52,0.0,26504.02,6.95,0.0,0.0,0.0,0,4,2,3,0,1,3,4,0,8
649,E00016795,0.0,822.25,0.0,2147.49,0.0,0.0,0.0,0.0,30038.73,0.0,3,6,2,3,1,2,2,1,1,3
650,E00003064,0.0,0.0,0.0,0.0,0.0,21416.53,0.0,2370.11,0.0,0.0,1,4,6,3,4,1,4,4,2,3
651,E00018974,0.0,0.0,16383.85,0.0,0.0,2275.32,0.0,518.2,0.0,0.0,4,4,3,4,5,4,2,3,4,5
652,E00017651,0.0,645.9499999999999,2287.7,0.0,16592.74,797.07,0.0,8117.98,18260.9,0.0,3,0,3,3,0,2,3,1,1,3
653,E00010323,0.0,24.09,8644.73,44732.87,0.0,15964.73,30.22,3113.36,33352.03,446.69,2,3,0,3,1,1,0,4,1,2
654,E00018819,0.0,9510.76,365.18,0.0,0.0,118941.91,0.0,0.0,0.0,0.0,2,1,5,0,3,2,4,2,4,5
655,E00174659,0.0,40611.32,176.41,0.0,106533.4,0.0,0.0,22018.81,51472.22,0.0,1,0,0,0,0,1,0,0,0,2
656,E00002602,0.0,1000.0,7321.99,0.0,0.0,9099.97,32.91,0.0,20735.06,0.0,1,1,3,0,4,1,0,0,1,3
657,E00004884,0.0,1402.68,46223.78,3194.6,0.0,0.0,614.23,0.0,0.0,0.0,2,5,3,4,1,4,2,4,1,5
658,E00007886,0.0,10495.89,0.0,0.0,0.0,14519.92,0.0,2824.69,0.0,0.0,2,6,3,2,4,4,2,4,1,2
659,E00023798,0.0,0.0,7327.82,0.0,0.0,3506.42,0.0,1923.25,0.0,0.0,1,0,0,1,3,3,0,1,0,2
660,E00017652,0.0,0.0,24919.52,251.37,0.0,0.0,0.0,0.0,10587.19,0.0,5,4,5,5,0,1,4,2,4,5
661,E00001122,58979.06,1156135.23,0.0,0.0,0.0,70972.06,11531.78,101402.71,0.0,6481.86,1,1,1,0,4,1,0,0,1,5
662,E00017014,0.0,0.0,0.0,0.0,0.0,39726.36,0.0,0.0,0.0,0.0,4,4,4,5,4,0,2,4,2,5
663,E00012047,0.0,2500.0,0.0,0.0,0.0,30608.86,22350.24,0.0,0.0,0.0,2,3,4,6,1,4,2,2,5,6
664,E00016564,0.0,159.38,26944.23,0.0,0.0,0.0,0.0,0.0,0.0,0.0,1,3,4,0,3,2,0,0,3,3
665,E00015052,0.0,62.25,16144.57,0.0,0.0,4412.64,467.13,0.0,0.0,0.0,1,3,6,0,3,3,0,0,1,2
666,E00021355,0.0,492.55,21047.74,0.0,0.0,0.0,0.0,370.72,0.0,0.0,4,3,4,0,4,1,2,0,3,2
667,E00020139,0.0,0.0,2130.1,0.0,0.0,0.0,0.0,0.0,5627.87,0.0,2,5,3,0,2,3,1,2,1,3
668,E00002049,0.0,184738.56,0.0,0.0,0.0,28206.77,11061.44,0.0,0.0,0.0,3,1,1,1,3,0,1,1,2,5
669,E00015488,0.0,0.0,26395.88,0.0,0.0,0.0,0.0,0.0,260.34,0.0,4,4,4,3,5,4,2,4,3,2
670,E00022554,0.0,0.0,9594.5,0.0,0.0,0.0,0.0,0.0,4792.45,0.0,4,5,4,6,5,3,4,4,4,3
671,E00011822,0.0,351.9,0.0,0.0,0.0,45036.53,172.55,0.0,0.0,0.0,1,2,4,3,3,4,0,2,2,4
672,E00019029,0.0,0.0,422.67,0.0,0.0,0.0,26028.64,0.0,0.0,0.0,3,1,1,1,0,2,2,2,1,5
673,E00000334,0.0,0.0,25981.44,0.0,0.0,0.0,15765.2,0.0,0.0,0.0,3,6,3,3,4,4,0,3,2,5
674,E00012601,0.0,8506.67,0.0,0.0,0.0,41867.89,9509.55,0.0,0.0,0.0,3,2,6,0,4,1,0,4,3,5
675,E00017261,0.0,481.79,7995.13,31427.77,0.0,23009.55,0.0,6255.71,0.0,0.0,1,3,2,0,0,1,3,4,1,5
676,E00014035,0.0,3279.85,6474.06,0.0,0.0,2495.82,0.0,1748.33,2348.9,0.0,2,1,0,0,5,3,0,1,1,2
677,E00021735,0.0,600.0,20565.19,2034.55,0.0,0.0,0.0,1498.51,2427.69,0.0,0,4,3,0,1,3,0,4,1,3
678,E00007415,0.0,0.0,25752.2,0.0,0.0,0.0,0.0,0.0,0.0,0.0,4,4,1,2,1,4,2,0,1,5
679,E00170959,0.0,0.0,20027.4,26.42,0.0,0.0,0.0,896.46,1551.23,0.0,3,6,0,5,3,4,3,1,3,2
680,E00002194,0.0,2131.24,0.0,0.0,0.0,24943.32,21501.68,2802.63,0.0,0.0,2,1,6,3,4,1,4,3,1,6
681,E00011129,0.0,12682.6,0.0,782.42,0.0,88054.89,5048.67,4407.75,2529.11,0.0,1,1,3,4,2,4,4,1,2,6
682,E00015333,0.0,1257.34,19691.21,67.63,0.0,0.0,0.0,4701.6,0.0,0.0,0,3,0,0,4,4,4,2,0,3
683,E00013268,0.0,104.54,28027.58,0.0,0.0,0.0,0.0,0.0,135.31,0.0,1,3,0,3,3,4,0,0,0,5
684,E00023948,0.0,0.0,0.0,7.97,0.0,0.0,0.0,325.09,22290.05,0.0,0,0,0,0,0,1,0,4,0,2
685,E00174919,0.0,0.67,18372.84,0.0,0.0,666.83,3223.56,0.0,0.0,0.0,4,5,2,3,4,4,3,3,4,5
686,E00017734,0.0,0.0,23771.62,1333.87,0.0,419.38,0.0,123.39,0.0,0.0,1,5,6,0,4,4,0,3,2,3
687,E00013579,0.0,2405.71,8190.019999999999,0.0,0.0,55.94,501.16,0.0,11909.08,0.0,0,3,4,0,4,3,0,4,0,3
688,E00170926,0.0,0.99,2051.84,0.0,0.0,4498.06,0.0,0.0,0.0,0.0,3,6,4,2,2,4,4,2,2,3
689,E00015067,0.0,6035.49,25898.67,0.0,0.0,900.9,1501.44,16892.57,18561.34,0.0,0,0,0,0,0,1,0,2,0,2
690,E00013749,0.0,63.9,239.44,0.0,0.0,275.95,16582.67,0.0,0.0,0.0,1,0,2,0,4,3,0,3,5,3
691,E00009320,0.0,0.0,682.16,0.0,0.0,0.0,0.0,0.0,18386.43,0.0,2,6,3,5,5,1,3,2,1,2
692,E00014877,0.0,44227.98000000001,0.0,0.0,26776.5,164153.37,0.0,6927.11,0.0,0.0,1,1,2,0,0,1,0,2,1,2
693,E00009169,0.0,0.0,15068.68,0.0,0.0,0.0,0.0,0.0,0.0,0.0,4,6,6,7,3,2,1,0,3,2
694,E00008444,0.0,0.0,20414.93,13401.31,0.0,0.0,68.08,0.0,4635.62,0.0,3,2,3,4,4,4,4,1,3,3
695,E00018205,0.0,0.0,11689.85,945.24,0.0,10591.28,0.0,13105.45,0.0,0.0,1,6,0,0,0,1,2,1,0,3
696,E00019428,0.0,0.0,27797.72,0.0,0.0,0.0,396.28,3909.78,0.0,0.0,1,3,2,1,0,1,0,4,1,2
697,E00004840,0.0,0.0,8800.13,0.0,0.0,0.0,0.0,5253.62,3055.23,0.0,0,3,0,6,1,4,2,4,1,2
698,E00021091,0.0,151.42,0.0,0.0,0.0,18326.56,10960.18,0.0,0.0,0.0,1,4,2,0,4,1,3,2,1,5
699,E00000881,0.0,15878.63,688.36,0.0,0.0,24759.13,24.66,2779.57,0.0,0.0,4,3,6,1,5,1,1,2,5,3
700,E00000889,0.0,0.0,15034.68,0.0,0.0,1.17,0.0,312.29,0.0,0.0,2,5,2,5,1,3,2,2,4,3
701,E00167236,0.0,0.0,1300.0,0.0,0.0,1322.83,0.0,6651.65,0.0,1539.56,1,1,6,0,1,4,3,2,0,2
702,E00010917,0.0,0.0,13.88,0.0,0.0,18646.41,28369.57,0.0,0.0,0.0,2,5,3,4,5,0,1,4,2,5
703,E00014591,0.0,0.0,48.41,0.0,0.0,6358.18,0.0,753.86,11097.0,0.0,2,0,3,1,1,3,0,2,1,2
704,E00015417,0.0,0.0,25615.96,0.0,0.0,0.0,0.0,11076.6,1462.12,0.0,1,0,2,1,0,1,0,0,0,3
705,E00005890,0.0,0.0,188.75,0.0,0.0,0.0,0.0,0.0,24520.2,0.0,5,3,3,3,4,1,1,4,2,5
706,E00002752,0.0,84945.32,0.0,0.0,0.0,55379.0,0.0,102.93,0.0,0.0,4,3,5,5,2,4,3,1,3,5
707,E00001342,0.0,2400.0,0.0,0.0,0.0,23435.43,10425.21,1081.75,0.0,0.0,1,1,6,4,4,4,4,2,1,5
708,E00006724,0.0,3697.2,9666.22,0.0,44598.12,66.71,7312.83,19480.81,0.0,0.0,1,6,3,0,0,1,0,2,0,3
709,E00012965,0.0,30662.79,0.0,0.0,0.0,29749.84,388.44,0.0,0.0,2291.33,4,4,6,3,4,4,4,3,2,3
710,E00012656,0.0,3012.73,2.42,0.0,0.0,28213.97,115.8,692.35,0.0,0.0,2,5,3,3,0,1,4,4,2,5
711,E00009848,0.0,5716.89,20746.17,0.0,0.0,100.13,173.33,0.0,0.0,0.0,3,0,3,1,1,2,0,4,5,2
712,E00003253,0.0,9790.32,0.0,0.0,0.0,21420.44,0.0,0.0,0.0,0.0,2,3,2,3,0,2,4,3,1,8
713,E00019418,0.0,0.0,5440.56,0.0,0.0,7761.64,18765.83,7736.63,0.0,0.0,1,1,4,0,1,4,0,4,3,5
714,E00013998,0.0,0.0,6497.76,160.28,0.0,0.0,0.0,0.0,5677.02,0.0,5,5,6,2,1,2,2,3,3,3
715,E00002051,0.0,8347.83,264.33,0.0,0.0,38446.67,7651.22,0.0,0.0,0.0,4,1,2,0,0,3,3,4,2,4
716,E00010413,0.0,0.0,19002.89,0.0,0.0,0.0,0.0,6.94,0.0,0.0,4,5,1,3,4,4,1,2,4,3
717,E00003400,0.0,32940.1,1599.13,971.0,0.0,29938.38,0.0,7882.64,0.0,0.0,1,3,6,3,1,1,0,2,0,8
718,E00010851,0.0,442.97,0.0,0.0,0.0,41644.22,0.0,1651.11,0.0,0.0,5,2,6,7,1,2,3,1,4,5
719,E00014547,0.0,0.0,4046.19,0.0,0.0,0.0,0.0,4270.66,10648.59,0.0,2,3,2,0,0,4,0,4,1,2
720,E00019858,0.0,10344.33,9172.58,0.0,0.0,11109.17,4098.31,2403.73,0.0,0.0,4,1,4,1,3,3,4,3,3,3
721,E00007515,0.0,0.0,6.91,0.0,0.0,22488.36,0.0,2384.18,0.0,0.0,3,6,6,0,0,1,2,2,1,3
722,E00012547,0.0,0.0,16670.44,0.0,0.0,74.51,30149.08,3171.72,0.0,0.0,1,1,0,0,0,4,3,4,1,5
723,E00016403,0.0,0.0,1834.37,65.04,0.0,0.0,1951.3,0.0,0.0,0.0,4,4,5,3,4,3,0,2,3,3
724,E00020000,0.0,0.0,566.67,0.0,0.0,82.56,0.0,0.0,5385.21,0.0,2,6,6,7,4,2,2,0,3,3
725,E00018711,0.0,1250.5500000000002,1260.95,0.0,0.0,18367.67,12466.61,1197.12,0.0,0.0,4,6,6,3,3,2,2,3,4,5
726,E00021758,0.0,0.0,15988.95,0.0,2433.14,0.0,0.0,739.88,138.21,0.0,0,0,4,0,4,1,0,2,0,3
727,E00017203,0.0,1068.91,31651.97,1300.0,0.0,162.7,67.51,2901.67,0.0,0.0,0,6,3,0,0,1,0,3,0,2
728,E00011717,0.0,38277.04,35579.86,0.0,106.73,34827.8,0.0,16214.94,11100.0,2469.95,1,0,0,0,3,1,2,1,1,3
729,E00014211,0.0,0.0,0.0,0.0,0.0,0.0,0.0,698.76,22281.57,0.0,1,0,4,0,1,4,1,2,1,2
730,E00003397,0.0,0.0,7485.11,0.0,0.0,0.0,15588.91,1803.9,0.0,0.0,1,4,2,5,4,4,4,3,1,3
731,E00022205,0.0,20044.94,0.0,800.0,0.0,62096.51,295.1,10604.67,0.0,0.0,1,3,3,0,0,1,0,0,2,5
732,E00008265,0.0,700.0,0.0,0.0,0.0,97866.47,0.0,0.0,0.0,0.0,3,6,5,4,1,3,2,2,2,5
733,E00012336,145032.97,123114.65,10784.07,0.0,172806.57,24063.620000000003,22.36,0.0,0.0,15891.17,0,0,0,0,0,1,0,0,1,2
734,E00015693,0.0,0.0,11001.28,0.0,0.0,4878.6,0.0,0.0,1.2,0.0,1,4,6,4,4,3,1,2,1,3
735,E00014535,0.0,0.0,0.0,710.09,0.0,0.0,0.0,0.0,14025.71,0.0,2,1,0,1,0,4,0,0,1,2
736,E00023074,0.0,42.15,6093.71,0.0,0.0,0.0,0.0,4871.17,12524.49,0.0,1,1,2,4,0,2,3,2,1,2
737,E00004962,0.0,5156.24,23795.98,0.0,0.0,9312.04,58.77,0.0,0.0,0.0,4,4,3,3,0,4,2,1,2,5
738,E00022634,0.0,228.51,62.67,0.0,0.0,0.0,19899.43,28.43,0.0,0.0,1,6,3,1,0,1,3,1,1,2
739,E00008698,0.0,0.0,518.05,0.0,0.0,0.0,0.0,87.55,19196.62,0.0,1,4,2,3,4,3,0,2,1,3
740,E00023887,0.0,68.14,2244.56,0.0,0.0,19.58,0.0,3476.26,14595.27,0.0,1,0,0,0,4,1,3,2,1,2
741,E00006316,0.0,138.39999999999998,16977.79,208.78,0.0,17686.02,2758.78,0.0,204.32,0.0,4,3,5,0,4,1,0,0,3,5
742,E00008396,0.0,0.0,0.0,0.0,0.0,42850.61,1.94,0.0,0.0,0.0,4,3,3,6,3,2,3,2,1,8
743,E00001712,0.0,2569.32,0.0,0.0,268.27,57100.66,0.0,7856.81,0.0,0.0,1,1,2,0,4,4,0,0,5,6
744,E00002984,0.0,1300.0,15189.35,0.0,0.0,32965.35,26.58,7594.45,0.0,0.0,3,3,0,0,1,3,0,4,1,5
745,E00020708,0.0,0.0,0.0,0.0,0.0,46787.14,242.85,0.0,0.0,0.0,3,1,5,0,3,1,2,2,2,4
746,E00011071,0.0,0.0,0.0,0.0,0.0,40979.73,0.0,0.0,0.0,0.0,4,4,3,4,5,0,0,4,1,5
747,E00008199,0.0,4155.56,0.0,0.0,0.0,12144.72,0.0,6561.34,25249.16,0.0,1,3,4,0,0,4,4,4,0,2
748,E00010132,0.0,939.12,4610.18,0.0,0.0,0.0,0.0,6766.23,5252.57,0.0,1,3,5,0,0,4,0,4,3,3
749,E00174961,0.0,0.0,7187.52,0.0,0.0,0.0,0.0,0.0,0.0,0.0,1,5,0,6,5,4,2,0,3,2
750,E00020192,0.0,1279.91,31512.25,0.0,0.0,0.0,285.97,0.0,0.0,0.0,5,1,6,0,1,4,4,4,3,3
751,E00166026,0.0,316.08,31505.11,0.0,40.07,33.69,8989.62,0.0,0.0,0.0,3,3,1,0,5,2,0,4,5,5
752,E00021895,0.0,4117.88,0.0,0.0,0.0,17075.34,23684.39,2224.82,0.0,0.0,3,6,2,0,0,4,2,0,1,6
753,E00015336,0.0,690.35,27316.32,839.03,0.0,0.0,0.0,1382.16,214.26,0.0,1,3,4,1,0,1,0,2,1,3
754,E00008203,0.0,47549.92,270.95,0.0,0.0,43357.0,0.0,0.0,0.0,0.0,5,1,1,2,2,1,4,2,1,5
755,E00023972,0.0,0.0,8020.38,0.0,0.0,0.0,637.65,6134.81,913.78,16560.42,1,1,4,3,0,3,0,2,0,2
756,E00006083,0.0,204.52,0.0,417.05,0.0,11642.45,25484.67,0.0,4906.53,0.0,2,1,5,4,3,3,0,3,1,5
757,E00017389,0.0,5.12,23212.13,0.0,75.31,265.57,14458.21,1307.37,0.0,0.0,1,1,2,0,0,1,0,0,1,5
758,E00015758,0.0,0.0,15256.93,0.0,0.0,0.0,544.84,3506.44,0.0,0.0,4,3,5,1,1,4,2,1,3,3
759,E00019990,0.0,930.44,14592.71,0.0,0.0,0.0,0.0,0.0,0.0,0.0,4,1,1,0,0,2,3,2,3,3
760,E00000692,0.0,0.0,27327.5,0.0,0.0,8718.54,4212.19,9096.74,0.0,0.0,1,3,3,0,5,1,2,4,1,5
761,E00008083,0.0,10052.91,7676.03,0.0,0.0,13640.75,26696.58,3881.23,0.0,0.0,4,1,3,0,0,1,0,0,0,5
762,E00011655,0.0,0.0,5032.27,0.0,0.0,0.0,41381.81,0.0,0.0,0.0,2,1,3,0,4,4,4,2,1,4
763,E00021374,0.0,0.0,0.0,0.0,0.0,21714.94,7532.03,630.41,0.0,0.0,1,3,2,3,0,1,0,2,5,3
764,E00020663,0.0,78.39,15270.39,0.0,0.0,2134.44,0.0,0.0,0.0,0.0,3,3,4,0,0,3,3,0,1,8
765,E00013192,0.0,0.0,16012.54,0.0,0.0,4211.26,24398.96,0.0,0.0,0.0,4,4,6,0,1,2,2,2,3,5
766,E00020117,0.0,0.0,8802.55,7313.82,0.0,0.0,0.0,0.0,5687.9,0.0,1,6,3,3,5,4,3,2,2,3
767,E00014512,0.0,404.76,0.0,0.0,0.0,0.0,0.0,890.74,15232.39,0.0,1,4,0,0,4,1,0,3,0,2
768,E00174938,0.0,0.0,265.57,0.0,0.0,5084.56,24.44,4323.6,8512.73,0.0,2,3,0,5,4,4,0,4,0,3
769,E00004151,0.0,0.0,5107.21,0.0,0.0,0.0,0.0,0.0,5904.03,0.0,2,0,2,0,5,4,4,2,5,2
770,E00023191,0.0,0.0,42.26,0.0,0.0,344.49,41950.57,10906.04,3190.71,0.0,1,1,2,3,0,4,2,1,1,8
771,E00008059,0.0,0.0,373.7,0.0,0.0,16924.78,22970.15,21429.41,0.0,0.0,1,0,3,7,5,3,3,3,1,5
772,E00007695,0.0,0.0,2264.18,0.0,0.0,8993.16,27996.06,2813.01,0.0,0.0,1,6,6,4,0,4,3,4,1,5
773,E00018621,0.0,0.0,13531.96,0.0,0.0,20314.94,9444.84,595.88,0.0,0.0,2,1,6,7,4,4,3,2,1,5
774,E00022552,0.0,0.0,0.0,0.0,0.0,0.0,0.0,0.0,25392.5,0.0,5,6,4,3,4,4,1,3,1,5
775,E00022202,0.0,0.0,2756.52,0.0,0.0,7569.83,21987.41,0.0,0.0,0.0,3,5,2,5,4,3,4,4,4,5
776,E00017548,0.0,0.0,0.0,0.0,0.0,40.21,35991.05,0.0,0.0,0.0,1,4,5,3,1,4,3,2,3,8
777,E00012396,0.0,791.11,0.0,15375.22,0.0,33518.840000000004,0.0,0.0,17948.13,0.0,1,3,3,3,5,4,2,2,1,5
778,E00015669,0.0,134.96,5637.62,0.0,0.0,0.0,0.0,0.0,0.0,0.0,4,3,4,3,1,3,4,4,3,3
779,E00007211,0.0,21623.87,3187.59,0.0,0.0,42529.16,8332.869999999999,17284.48,6.87,1166.14,0,0,0,0,0,4,0,0,0,8
780,E00006395,0.0,11177.21,30248.67,998.78,0.0,16275.34,134.0,3925.43,0.0,0.0,1,6,4,0,4,1,0,2,1,5
781,E00015168,0.0,0.0,14092.71,0.0,0.0,2605.12,2942.52,19655.84,0.0,0.0,0,1,0,0,0,1,0,0,0,3
782,E00022330,0.0,0.0,13698.27,0.0,0.0,0.0,0.0,0.0,0.0,0.0,1,1,5,4,4,4,4,3,2,5
783,E00023867,0.0,164.79,0.0,0.0,0.0,0.0,0.0,2594.57,10683.15,0.0,3,5,3,5,5,3,3,1,4,3
784,E00019299,0.0,66.49000000000001,7910.22,3647.92,0.0,50.96,17141.75,2658.44,0.0,0.0,1,3,4,1,4,1,0,2,1,8
785,E00006464,0.0,0.0,12453.84,556.89,0.0,24597.08,509.49,0.0,0.0,0.0,3,3,4,1,1,1,2,1,4,5
786,E00167169,0.0,0.0,166.41,0.0,0.0,0.0,0.0,18.77,14268.83,0.0,1,3,0,0,4,2,0,2,0,3
787,E00011997,0.0,9.96,0.0,0.0,0.0,9210.91,27429.0,0.0,0.0,0.0,3,3,5,3,1,2,1,2,4,5
788,E00011791,0.0,0.0,84.77,0.0,0.0,93.33,44059.26,0.0,12.43,0.0,1,0,0,0,3,1,0,3,5,8
789,E00013547,0.0,2789.61,4401.36,0.0,0.0,0.0,53.74,0.0,31346.19,0.0,0,3,0,0,1,1,0,0,0,2
790,E00000739,0.0,0.0,8657.91,0.0,0.0,13658.44,0.0,0.0,0.0,0.0,4,3,6,1,1,2,3,3,3,3
791,E00023875,0.0,0.0,0.0,0.0,0.0,0.0,0.0,0.0,18174.24,0.0,1,4,2,4,1,3,4,3,5,3
792,E00004426,0.0,0.0,20204.06,0.0,0.0,88.59,109.45,2431.71,3376.55,0.0,1,1,4,0,0,4,2,1,2,2
793,E00010031,0.0,785.22,190.39,0.0,0.0,0.0,0.0,4943.12,19390.84,0.0,5,3,3,3,4,4,0,3,1,3
794,E00020538,0.0,17738.71,7424.4,86443.53,0.0,8462.84,16153.33,0.0,0.0,0.0,1,1,6,4,4,4,4,2,1,8
795,E00001946,148.46,28286.74,0.0,0.0,0.0,31811.92,4116.150000000001,0.0,0.0,0.0,2,4,4,7,0,4,0,0,1,7
796,E00020324,0.0,0.0,13599.2,0.0,0.0,2811.41,0.0,10047.28,0.0,0.0,0,5,0,1,0,1,0,0,0,3
797,E00014158,0.0,3487.51,5561.18,0.0,0.0,0.0,0.0,0.0,471.68,0.0,2,1,4,1,1,4,3,4,1,2
798,E00018893,0.0,0.0,30723.47,581.01,0.0,0.0,303.81,483.88,0.0,0.0,2,3,0,0,3,4,3,3,1,5
799,E00023466,0.0,0.0,168.36,0.0,0.0,0.0,0.0,0.0,14428.28,0.0,3,0,4,4,1,3,0,4,5,2
800,E00001136,0.0,432.33,1841.25,0.0,0.0,48991.23,11021.94,7242.97,0.0,0.0,2,1,1,1,0,3,2,4,2,5
801,E00021098,0.0,2.23,0.0,0.0,0.0,50.52,24892.84,0.0,0.0,0.0,2,6,3,3,1,2,3,2,5,5
802,E00017893,0.0,183.56,10037.52,0.0,0.0,10085.77,1821.3,1694.7,0.0,0.0,3,5,5,3,0,4,3,2,4,5
803,E00167146,0.0,141.74,19665.17,2100.0,0.0,3836.75,0.0,24753.92,0.0,48285.04,1,1,4,7,0,1,3,2,0,2
804,E00004320,0.0,971.53,317.27,0.0,0.0,1717.07,4935.17,0.0,22401.73,0.0,1,1,4,0,0,1,3,0,5,2
805,E00174692,0.0,38155.32,82476.50000000001,862435.93,50415.18,278618.85000000003,660.3399999999999,181572.71,198005.86,33630.78,0,0,0,0,0,1,0,0,1,3
806,E00017116,0.0,0.0,20300.43,0.0,0.0,0.0,0.0,2007.27,0.0,0.0,4,2,2,1,0,4,0,4,1,8
807,E00020280,0.0,0.0,323.88,0.0,0.0,11730.51,3865.31,4493.33,0.0,0.0,1,3,5,0,0,1,0,2,3,3
808,E00000836,0.0,0.64,0.0,0.0,0.0,40559.42,16444.36,0.0,0.0,0.0,5,1,1,1,3,1,3,1,5,6
809,E00017587,0.0,6638.77,27058.33,0.0,0.0,31175.52,0.0,2249.51,0.0,0.0,1,3,4,0,1,3,0,4,0,2
810,E00011311,0.0,0.0,9219.7,0.0,0.0,31615.72,1353.8200000000002,0.0,0.0,0.0,3,3,4,0,4,4,2,2,5,4
811,E00005381,31363.71,34711.65,20863.78,0.0,158353.44,49745.63,1531.27,0.0,1500.0,0.0,1,3,2,0,4,1,0,2,1,7
812,E00009205,0.0,0.0,23788.59,0.0,0.0,6231.7,0.0,6834.12,0.0,0.0,5,3,0,0,4,2,3,3,3,3
813,E00022152,0.0,5.27,0.0,5.25,0.0,13286.62,0.0,0.0,0.0,0.0,5,4,6,1,4,4,1,2,3,2
814,E00019249,0.0,2779.74,0.0,0.0,47021.35,33513.270000000004,4823.78,12983.36,0.0,0.0,2,0,2,0,0,1,0,3,1,8
815,E00013587,0.0,0.0,9637.07,2491.23,2955.47,0.0,0.0,6031.97,10059.93,0.0,1,4,5,7,5,4,0,0,0,2
816,E00009417,0.0,553.85,6289.280000000001,0.0,8281.6,0.0,0.0,946.8,5623.55,0.0,1,6,0,0,0,4,4,2,3,3
817,E00166857,0.0,7737.38,18577.76,0.0,0.0,52398.72,3109.65,0.0,0.0,3491.67,3,1,1,2,2,4,4,3,2,3
818,E00019275,0.0,0.0,0.0,0.0,0.0,9610.05,15094.47,8942.19,0.0,0.0,2,1,4,4,3,4,3,2,1,3
819,E00022990,0.0,0.0,26292.34,170.89,0.0,3109.13,4.81,0.0,463.18,0.0,1,5,4,0,3,1,3,0,3,3
820,E00003532,0.0,0.0,203.89,0.0,0.0,16115.41,26430.38,0.0,0.0,0.0,3,5,2,5,0,2,0,1,2,8
821,E00011247,32122.11,5037.95,22098.59,0.0,0.0,18257.53,8096.650000000001,0.0,0.0,0.0,2,4,2,3,0,3,3,2,5,6
822,E00010549,0.0,605.64,23667.22,0.0,0.0,6878.259999999999,0.0,2416.23,0.0,0.0,4,4,2,0,3,1,0,3,1,3
823,E00016832,0.0,0.0,2206.21,0.0,0.0,22987.53,3459.46,1670.86,5.59,0.0,1,3,6,0,3,3,4,4,1,3
824,E00004148,0.0,9623.47,11496.17,0.0,0.0,0.0,0.0,0.0,0.0,0.0,1,4,6,1,4,1,3,3,2,2
825,E00011986,0.0,3035.18,12299.26,900.0,0.0,4870.05,11924.65,4658.12,0.0,0.0,3,4,6,7,3,4,3,2,4,5
826,E00006116,0.0,12301.03,0.0,0.0,0.0,31024.11,18648.88,0.0,0.0,0.0,1,3,4,6,5,1,4,4,1,2
827,E00006985,0.0,0.0,11432.38,0.0,0.0,19608.55,22636.09,6770.24,0.0,0.0,0,3,0,0,0,4,0,2,0,8
828,E00002992,0.0,925.96,0.0,0.0,0.0,5304.71,31445.11,6120.08,0.0,0.0,2,6,0,0,4,4,3,2,3,5
829,E00175010,0.0,1367.38,20570.91,0.0,0.0,0.0,4184.76,0.0,240.81,0.0,2,5,5,1,1,4,4,2,4,5
830,E00174727,0.0,14254.97,1037.96,166.13,47867.87,45528.56,0.0,39223.34,0.0,0.0,0,3,0,0,0,4,0,0,0,5
831,E00017199,0.0,0.0,16782.16,0.0,133.78,2.29,17389.83,0.0,0.0,0.0,1,1,4,0,3,4,0,2,1,2
832,E00023292,0.0,115225.05,9056.54,0.0,0.0,97893.59,15586.99,13253.2,67.38,0.0,0,0,2,1,0,1,0,1,0,8
833,E00021710,0.0,0.0,17689.309999999998,0.15,479.99,0.0,0.0,0.0,0.0,0.0,2,4,1,3,1,4,1,4,2,3
834,E00012206,0.0,81594.98,0.0,900.0,0.0,81492.06,20549.61,64992.37,0.0,0.0,1,0,3,0,4,1,0,0,0,5
835,E00005738,0.0,161.71,29440.18,0.0,0.0,0.0,0.0,0.0,23.92,0.0,1,4,5,3,4,2,3,2,3,5
836,E00011918,0.0,0.0,207.02,0.0,0.0,28019.97,40212.1,0.0,0.0,0.0,3,3,5,3,0,4,4,2,2,6
837,E00020365,0.0,0.0,17225.75,4397.74,0.0,2107.23,4271.5,17045.83,995.32,0.0,0,3,0,0,0,1,0,0,0,3
838,E00004039,0.0,0.0,1560.69,0.0,0.0,184.85,35946.23,531.73,0.0,0.0,2,3,2,1,3,1,2,4,1,8
839,E00010439,0.0,0.0,12751.71,13031.6,0.0,42.31,0.0,6443.11,0.0,0.0,1,4,0,0,0,1,0,2,3,3
840,E00002868,0.0,0.0,0.0,0.0,0.0,8147.09,28268.69,0.0,0.0,0.0,2,4,6,3,3,1,2,2,4,5
841,E00021744,0.0,0.0,21408.57,0.0,0.0,0.0,0.0,14490.95,49023.67,0.0,0,0,0,0,0,1,0,0,0,2
842,E00015007,0.0,0.0,0.0,0.0,0.0,79182.42,65.93,5631.44,0.0,0.0,4,4,4,3,0,3,2,0,3,6
843,E00000874,0.0,1067.08,0.0,0.0,0.0,10302.95,7190.26,4297.19,0.0,0.0,1,6,4,3,0,1,3,4,1,3
844,E00012626,0.0,0.0,0.0,0.0,0.0,62116.97,8617.13,2757.89,0.0,0.0,3,5,3,2,4,4,4,4,4,6
845,E00016206,0.0,45.28,27681.26,0.0,0.0,2714.63,1692.15,1203.9299999999998,0.0,0.0,1,5,5,5,0,4,3,2,3,2
846,E00013243,0.0,45499.36,0.0,51734.03,0.0,32792.19,0.0,2533.42,0.0,0.0,4,6,1,3,4,4,2,2,1,5
847,E00020264,0.0,0.0,6016.67,0.0,0.0,9855.15,0.0,19742.33,7555.929999999999,0.0,0,0,0,0,3,1,0,0,0,3
848,E00001091,0.0,0.0,246.8,51.44,0.0,10268.009999999998,26468.68,0.0,0.0,0.0,3,6,5,7,5,4,2,2,2,5
849,E00005883,0.0,0.0,25753.78,0.0,0.0,0.0,0.0,2370.35,424.04,0.0,3,3,0,1,0,3,0,1,1,5
850,E00001584,0.0,0.0,14643.89,1232.49,0.0,79.17,0.0,0.0,4064.32,0.0,2,6,6,4,4,3,2,2,2,2
851,E00012397,0.0,2588.56,0.0,0.0,0.0,40671.73,0.0,2601.4,0.0,0.0,2,4,1,2,5,4,3,2,1,5
852,E00008002,0.0,0.0,0.0,0.0,0.0,1601.62,27514.24,0.0,0.0,0.0,2,4,5,1,0,4,1,2,1,8
853,E00011827,3183.43,8672.179999999998,0.0,500.0,0.0,75801.08,0.0,15892.04,0.0,0.0,4,4,5,3,0,4,3,2,3,4
854,E00016357,0.0,13637.55,46.51,0.0,0.0,11413.36,16026.26,0.0,0.0,0.0,2,3,1,4,3,0,2,1,4,3
855,E00015006,0.0,0.0,0.0,0.0,0.0,53581.76,0.0,0.0,0.0,0.0,4,1,4,4,0,1,3,2,3,5
856,E00009905,0.0,4138.37,349.08,0.0,0.0,14146.82,0.0,4884.45,10947.34,0.0,1,6,2,0,1,4,2,2,3,3
857,E00019396,0.0,0.0,13840.18,0.0,0.0,2043.71,1045.13,2581.06,0.0,0.0,0,2,0,3,0,4,0,2,3,2
858,E00003780,0.0,0.0,0.0,0.0,0.0,18236.63,16859.43,0.0,0.0,0.0,5,5,1,6,0,1,2,0,3,4
859,E00018793,0.0,2385.98,0.0,0.0,0.0,59868.49,5543.09,0.0,0.0,0.0,3,5,5,2,4,4,1,4,4,5
860,E00174888,0.0,91716.25,728.46,0.0,0.0,157550.25000000003,0.0,13948.3,0.0,42795.87,2,1,4,4,0,3,2,1,3,8
861,E00015212,0.0,0.0,54.44,9678.05,0.0,0.0,0.0,0.0,11569.54,0.0,2,6,5,5,1,4,2,1,3,2
862,E00006974,0.0,66.91,0.0,0.0,0.0,51050.49,0.0,0.0,0.0,0.0,5,1,2,0,5,4,0,4,5,5
863,E00017385,0.0,970.03,0.0,0.0,0.0,27566.28,24722.58,394.44,0.0,0.0,1,6,1,1,4,1,0,0,2,5
864,E00019930,0.0,0.0,5055.11,0.0,0.0,15676.2,0.0,0.0,2199.95,0.0,5,2,5,4,0,1,3,4,3,3
865,E00023679,0.0,242.97,0.0,0.0,785.33,0.0,0.0,1060.42,15263.25,0.0,2,3,0,0,4,4,0,4,0,2
866,E00013232,0.0,0.0,0.0,0.0,0.0,24315.55,18578.11,3974.57,1438.92,0.0,5,6,1,1,2,2,2,2,1,5
867,E00015171,0.0,1053.93,10123.79,0.0,0.0,6994.96,0.0,168.1,391.65,0.0,0,0,0,3,0,4,2,2,0,3
868,E00023967,0.0,0.0,2202.82,0.0,0.0,0.0,0.0,0.0,5798.9,0.0,1,6,4,5,3,1,0,0,1,2
869,E00023613,0.0,0.0,0.0,0.0,0.0,0.0,0.0,0.0,8588.29,0.0,5,2,6,4,1,3,4,2,4,3
870,E00174945,0.0,0.0,173.46,60.17,0.0,56.41,3530.06,1259.76,16332.73,0.0,2,0,2,4,0,4,3,3,1,2
871,E00016944,0.0,402.86,7211.13,0.0,0.0,7760.5,22281.36,0.0,0.0,0.0,1,1,4,4,1,3,3,4,1,5
872,E00004342,0.0,0.0,12383.67,0.0,0.0,0.0,0.0,0.0,0.0,0.0,3,6,2,0,0,3,0,0,5,2
873,E00012548,0.0,236.87,17692.61,0.0,0.0,253.05,8658.28,83.58,0.0,0.0,4,3,4,0,4,1,0,1,5,3
874,E00022676,0.0,0.0,17559.41,0.0,0.0,1900.0,0.0,2432.2,0.0,0.0,3,2,3,2,4,3,3,1,3,2
875,E00013000,0.0,0.0,0.0,566.54,0.0,22791.68,19033.84,0.0,0.0,0.0,4,5,5,0,5,4,1,3,3,5
876,E00021053,0.0,84.01,391.01,0.0,0.0,83365.28,7154.45,0.0,0.0,0.0,1,3,2,3,3,1,0,4,1,6
877,E00005855,0.0,2057.25,53269.32,0.0,0.0,2236.34,293.24,3512.23,7967.24,0.0,1,3,2,0,4,1,0,0,1,3
878,E00175043,0.0,3.44,16095.66,7538.8,0.0,809.56,0.0,2143.96,8718.81,0.0,1,3,0,0,4,1,0,4,3,3
879,E00010364,0.0,0.0,10410.92,21.43,0.0,0.0,0.92,774.04,7333.24,0.0,1,1,3,7,4,4,2,4,3,2
880,E00012006,0.0,392.47,147.06,0.0,0.0,30139.12,20113.77,0.0,0.0,0.0,4,6,4,2,2,4,4,4,3,5
881,E00021490,0.0,4412.38,7287.24,0.0,0.0,1393.0,12227.61,6945.6,0.0,0.0,1,4,6,1,3,4,2,3,4,3
882,E00004308,0.0,2800.13,0.0,0.0,0.0,17185.88,0.0,0.0,0.0,0.0,1,6,3,7,4,4,2,4,1,2
883,E00017583,0.0,38822.57,7.74,62689.16,0.0,25774.18,0.0,24752.76,0.0,0.0,0,0,0,0,0,1,0,4,0,5
884,E00013682,0.0,1199.13,12691.72,713.67,0.0,0.0,0.0,4695.24,8663.130000000001,0.0,2,0,6,1,2,4,3,0,1,2
885,E00002538,0.0,900.0,3194.05,0.0,0.0,0.0,0.0,2962.83,19794.64,0.0,3,6,2,0,0,4,0,1,2,3
886,E00014154,0.0,0.0,10485.43,0.0,0.0,0.0,0.0,0.0,7787.54,0.0,2,1,1,4,5,2,3,1,1,3
887,E00006958,0.0,33067.96,41.44,0.0,0.0,8967.39,24612.43,7024.6,0.0,0.0,1,2,5,0,3,2,2,4,3,5
888,E00011733,0.0,109.82,16137.72,3174.08,0.0,6432.08,235.42,2086.16,0.0,0.0,2,3,3,0,0,3,3,0,1,8
889,E00021215,0.0,1231.67,38380.52,0.0,0.0,2693.92,0.0,749.98,0.0,0.0,3,3,1,3,3,4,0,1,1,2
890,E00007719,0.0,0.0,0.0,1818.46,0.0,183.79,19315.36,0.0,10171.69,0.0,5,5,3,6,1,3,4,2,3,5
891,E00012744,0.0,6150.75,0.0,0.0,0.0,54045.89,0.0,9059.48,0.0,0.0,4,4,3,3,5,4,2,4,3,5
892,E00012103,0.0,2402.28,0.0,0.0,0.0,67034.02,0.0,0.0,0.0,0.0,5,2,2,0,0,1,0,4,4,2
893,E00013445,0.0,15.74,2426.76,0.0,0.0,0.0,0.0,0.0,2620.41,0.0,2,6,3,3,4,3,4,2,1,3
894,E00012478,0.0,98.87,5.6,70858.32,0.0,0.0,14890.01,10003.07,28701.91,4103.83,0,0,5,0,0,1,0,0,0,5
895,E00001700,0.0,122.5,0.0,0.0,0.0,73846.24,81.16,74.97,0.0,0.0,1,3,2,0,3,4,0,2,1,6
896,E00012370,0.0,0.0,0.0,364.91,0.0,8354.07,17292.02,2065.31,12230.33,0.0,2,1,2,4,5,4,3,3,5,8
897,E00016320,0.0,741.95,9518.81,0.0,0.0,13452.23,0.0,0.0,0.0,0.0,3,2,4,6,5,1,4,4,3,3
898,E00013235,0.0,0.0,0.0,0.0,0.0,63800.22,0.0,7317.82,0.0,0.0,4,1,6,1,0,4,3,0,1,5
899,E00018904,0.0,0.0,0.0,0.0,0.0,542.25,30784.74,1283.73,0.0,0.0,3,3,5,6,2,4,4,2,1,5
900,E00003491,0.0,8101.719999999999,0.0,0.0,0.0,4352.71,0.0,1065.12,0.0,0.0,5,4,6,7,4,2,1,1,2,3
901,E00012387,0.0,2823.91,3497.07,0.0,0.0,33469.01,0.0,5535.89,0.0,0.0,4,1,3,1,3,3,3,4,1,5
902,E00007752,0.0,0.0,10413.88,4247.09,99.53,0.0,9984.37,0.0,5461.83,0.0,5,2,3,1,4,3,4,0,4,5
903,E00006068,0.0,0.31,11800.96,0.0,0.0,170.91,15411.75,0.0,0.0,0.0,2,4,3,3,4,4,2,4,5,5
904,E00004516,0.0,0.0,12252.49,0.0,5052.1,10158.37,6558.4,0.0,3.95,0.0,1,1,2,0,0,3,0,3,1,8
905,E00023857,0.0,152.87,0.0,0.0,0.0,0.0,0.0,0.0,12848.49,0.0,4,6,6,4,3,4,4,3,3,3
906,E00166112,0.0,78254.78,0.0,0.0,72.32,94500.44,0.0,0.0,0.0,5700.0,1,3,0,0,0,1,0,2,1,8
907,E00004566,0.0,0.0,15927.03,253.51,0.0,0.0,3656.2,3589.65,0.0,0.0,0,4,0,0,0,4,4,4,0,3
908,E00021199,0.0,0.0,0.0,0.0,0.0,0.0,0.0,0.0,3034.53,0.0,2,4,3,7,5,4,0,2,2,3
909,E00017352,0.0,0.0,9530.58,0.0,0.0,313.65,0.0,0.0,6502.89,0.0,4,2,4,3,1,4,4,2,4,5
910,E00008890,0.0,0.0,10135.95,127.83,0.0,178.02,0.0,0.0,0.0,0.0,2,1,5,3,2,3,4,2,2,3
911,E00015031,0.0,11247.17,0.0,0.0,0.0,69766.36,0.0,0.0,0.0,0.0,1,3,3,3,3,1,0,4,1,8
912,E00007509,0.0,0.0,3462.04,0.0,0.0,10357.19,215.7,2229.47,0.0,0.0,3,6,6,5,0,3,2,0,1,3
913,E00008782,0.0,0.0,124.26,2900.0,0.0,0.0,0.0,3122.45,9205.69,0.0,0,6,4,1,0,3,0,2,0,3
914,E00001060,0.0,11916.79,29610.05,0.0,19155.72,0.0,0.0,13998.12,600.0,0.0,1,0,0,0,0,1,0,0,0,2
915,E00023272,0.0,369.55,6387.38,0.0,0.0,80.97,0.0,0.0,13702.92,0.0,1,6,3,0,2,4,0,2,5,5
916,E00010987,0.0,1094.88,0.0,0.0,0.0,69198.26,1873.78,0.0,0.0,0.0,2,3,4,0,5,2,2,2,1,6
917,E00003656,114697.32,79776.97,8682.83,0.0,0.0,41638.33,23246.2,7084.21,0.0,0.0,5,6,6,1,3,2,2,4,2,6
918,E00000528,0.0,4090.36,1983.76,0.0,0.0,16980.34,0.0,0.0,0.0,0.0,3,3,4,0,4,4,4,0,4,3
919,E00003359,0.0,8928.81,10503.17,659.43,0.0,19281.79,19821.63,12311.52,0.0,1835.91,3,0,2,1,3,4,2,1,1,8
920,E00168863,0.0,12570.8,0.0,0.0,0.0,8898.13,0.0,0.0,0.0,0.0,1,1,4,4,5,4,2,3,1,2
921,E00000173,0.0,0.0,279.96,68165.75,29271.82,80141.12,9658.38,7853.1,10554.94,0.0,1,3,2,0,4,1,0,0,1,5
922,E00012046,0.0,4120.07,0.0,0.0,0.0,63907.69,8878.49,0.0,0.0,0.0,3,5,3,5,1,4,3,3,2,5
923,E00015535,0.0,0.0,0.0,0.0,0.0,0.0,279.44,0.0,18422.14,0.0,1,5,6,0,0,4,0,3,1,3
924,E00009524,0.0,0.0,0.0,0.0,0.0,0.0,0.0,3199.62,14029.88,0.0,5,5,0,5,0,1,0,0,1,2
925,E00019746,0.0,0.0,0.0,0.0,3.03,0.0,0.0,0.0,4570.76,0.0,4,4,6,3,1,4,1,4,1,3
926,E00018756,0.0,35.73,24131.26,0.0,0.0,1976.53,0.0,0.0,56.3,0.0,3,6,3,2,3,2,1,2,3,5
927,E00176259,0.0,0.0,197.13,4103.83,0.0,0.0,0.0,3458.12,4171.24,0.0,1,1,0,0,3,1,3,2,1,2
928,E00016881,0.0,0.0,20119.77,0.0,0.0,0.0,48.49,2127.57,0.0,0.0,5,4,6,1,1,2,3,2,1,3
929,E00007435,0.0,0.0,0.0,0.0,0.0,34790.81,0.0,3994.88,0.0,0.0,3,1,5,5,5,4,1,3,4,5
930,E00167219,0.0,0.0,0.0,0.0,0.0,87.78,7072.44,743.6,9676.3,1568.21,1,3,6,3,3,2,2,0,1,3
931,E00021970,0.0,3893.49,9563.34,0.0,0.0,29.28,17715.19,673.49,0.0,0.0,4,5,6,7,3,4,1,2,3,5
932,E00005368,0.0,146755.27000000002,41.87,4600.11,0.0,33076.42,13038.21,7997.03,0.0,0.0,4,4,4,4,3,3,3,2,3,3
933,E00003191,0.0,181.93,50886.04,0.0,0.0,2609.98,0.0,0.0,0.0,0.0,2,3,0,0,0,4,0,4,1,8
934,E00007517,0.0,5162.26,5.24,0.0,0.0,40464.98,0.0,3678.11,0.0,0.0,1,4,4,0,0,4,3,2,1,3
935,E00023787,0.0,0.0,5075.39,0.0,0.0,0.0,5577.68,1658.99,3072.54,0.0,1,3,3,1,0,1,0,1,1,3
936,E00013479,0.0,2881.25,16253.37,0.0,0.0,10447.64,0.0,0.0,773.15,0.0,3,2,3,0,0,4,0,1,4,2
937,E00019600,0.0,3781.88,11653.25,0.0,0.0,0.0,0.0,9737.23,7480.89,0.0,2,3,0,1,0,1,2,1,1,2
938,E00020657,0.0,49.44,10591.55,0.0,0.0,16135.24,0.0,5942.58,0.0,0.0,1,3,4,0,3,1,4,3,1,8
939,E00021184,0.0,0.0,4409.04,0.0,0.0,0.0,0.0,0.0,0.0,0.0,1,3,0,3,1,4,4,4,0,2
940,E00023637,0.0,4418.91,2987.15,0.0,0.0,139.89,0.0,665.24,23599.91,0.0,1,3,3,0,1,4,3,1,0,2
941,E00020174,0.0,0.0,6309.05,0.0,0.0,0.0,0.0,0.0,15941.81,0.0,4,4,5,6,4,4,2,3,3,3
942,E00005313,0.0,0.0,0.0,0.0,2059.81,8401.6,17785.48,6151.39,0.0,0.0,1,5,2,7,0,3,2,2,1,5
943,E00002359,0.0,77.18,0.0,0.0,0.0,62324.48,0.0,0.0,0.0,0.0,5,4,5,0,2,4,3,3,4,5
944,E00003809,0.0,330.1,13145.75,0.0,0.0,3603.78,13635.8,2734.48,0.0,0.0,4,3,2,0,5,1,0,2,3,7
945,E00010228,0.0,0.0,12721.6,0.0,0.0,0.0,0.0,0.0,0.0,0.0,4,5,6,1,3,4,2,2,3,3
946,E00019791,0.0,0.0,1100.0,0.0,0.0,0.0,0.0,1241.53,12634.92,0.0,1,1,2,1,0,3,0,2,0,2
947,E00014056,0.0,0.0,0.0,0.0,0.0,0.0,0.0,4604.66,11691.99,0.0,2,1,2,0,1,1,0,3,5,2
948,E00003465,0.0,4.58,11453.38,1839.26,0.0,14426.77,5970.47,7558.94,0.0,0.0,0,0,0,0,0,1,0,2,0,2
949,E00019611,0.0,0.0,3561.11,0.0,0.0,3974.6,12594.72,5828.8,0.0,0.0,1,1,2,5,3,1,0,2,1,2
950,E00001392,0.0,3182.42,2344.62,0.0,0.0,6455.4800000000005,53041.15,6363.64,415.34,0.0,2,1,3,4,4,1,0,2,5,2
951,E00004784,0.0,25271.63,21705.82,0.0,0.0,9510.51,0.0,0.0,0.0,0.0,5,1,1,2,5,2,1,1,2,2
952,E00008849,0.0,0.0,6289.2,0.0,0.0,0.0,0.0,0.0,0.0,0.0,3,5,6,4,2,2,2,4,4,3
953,E00167121,0.0,0.0,3453.1000000000004,0.0,0.0,0.0,54359.0,0.0,5005.37,37258.27,0,0,0,0,0,1,0,0,0,2
954,E00167751,0.0,0.0,0.0,0.0,0.0,0.0,0.0,0.0,1745.83,0.0,1,1,5,4,5,2,2,3,2,2
955,E00011133,0.0,10282.27,15276.0,6189.38,0.0,22835.91,7886.15,10748.2,0.0,0.0,3,0,2,0,0,1,2,1,1,2
956,E00008677,0.0,0.0,19.21,0.0,0.0,0.0,752.75,1865.11,10141.39,0.0,3,3,5,2,3,3,3,3,2,2
957,E00013875,0.0,148.79,33817.69,0.0,0.0,0.0,223.28,0.0,0.0,0.0,1,2,6,7,3,4,3,1,2,2
958,E00007417,0.0,0.0,24652.15,0.0,0.0,0.0,0.0,1444.02,0.0,0.0,4,6,6,1,2,4,3,3,1,2
959,E00176294,0.0,0.0,9672.04,0.0,0.0,3517.34,0.0,0.0,2450.09,0.0,5,3,3,2,0,4,4,1,2,3
960,E00003720,0.0,303.91,677.62,0.0,0.0,56373.34,0.0,945.44,0.0,0.0,1,3,5,4,4,4,4,2,1,6
961,E00001932,0.0,1470.6,13109.26,0.0,0.0,0.0,13314.74,5374.34,0.0,0.0,1,6,4,7,4,3,2,2,5,8
962,E00023506,0.0,0.0,0.0,0.0,0.0,0.0,0.0,0.0,16525.38,0.0,1,0,3,0,4,1,0,4,1,2
963,E00000553,0.0,0.0,19863.73,1548.2,0.0,0.0,17276.079999999998,5530.71,0.0,0.0,3,5,1,0,1,4,0,4,3,5
964,E00009531,0.0,0.0,1247.0,0.0,0.0,0.0,0.0,516.58,13971.16,0.0,5,5,2,3,4,1,3,2,2,2
965,E00004913,0.0,0.0,62.46,0.0,0.0,0.0,18922.59,4383.28,1.18,0.0,0,2,6,4,4,2,2,0,3,5
966,E00020873,0.0,0.0,0.0,0.0,0.0,41597.81,222.61,1418.12,0.0,0.0,2,6,4,4,0,1,1,2,1,5
967,E00007203,0.0,0.0,6097.1,0.0,0.0,6979.49,16542.5,869.75,0.0,0.0,5,6,6,7,0,1,2,4,1,5
968,E00006003,0.0,0.0,16154.62,0.0,0.0,0.0,0.0,0.0,12562.88,0.0,5,5,1,6,0,1,2,4,3,5
969,E00002973,0.0,7896.49,120.02,0.0,0.0,32158.97,0.0,4382.1,0.0,0.0,2,6,4,1,4,4,3,3,2,5
970,E00022119,0.0,0.0,52.38,0.0,0.0,39469.03,0.0,0.0,0.0,0.0,4,4,3,5,2,4,1,4,3,5
971,E00022095,0.0,4513.960000000001,3909.77,0.0,0.0,0.0,17793.49,766.5,285.71,0.0,2,4,4,1,1,1,4,0,1,3
972,E00020269,0.0,0.0,5579.92,0.0,0.0,0.0,0.0,0.0,10377.8,24017.48,1,4,4,4,4,3,3,2,1,2
973,E00175003,0.0,0.0,11346.29,0.0,0.0,4604.57,0.0,5613.9,5789.030000000001,0.0,4,5,0,3,4,4,2,4,1,2
974,E00014770,0.0,0.0,16991.46,0.0,10.14,0.0,0.0,2760.06,1406.39,0.0,0,1,3,0,0,1,0,0,0,2
975,E00001621,0.0,721.8199999999999,27131.480000000003,0.0,0.0,1823.11,0.0,8532.71,0.0,0.0,1,3,4,0,3,4,0,0,0,8
976,E00006058,0.0,121359.87,0.0,0.0,0.0,40048.44,0.0,2186.97,0.0,0.0,5,2,3,6,0,0,3,4,4,5
977,E00016513,0.0,36760.19,83.3,0.0,175.98,25691.31,13434.06,19692.43,0.0,0.0,0,5,5,3,4,1,0,2,0,5
978,E00004265,0.0,0.0,14243.5,0.0,0.0,0.0,158.27,1105.11,0.0,0.0,1,4,0,3,0,3,0,3,0,3
979,E00020609,0.0,0.0,0.0,7574.24,0.0,97241.34,0.0,0.0,0.0,0.0,1,5,2,0,4,4,2,4,1,6
980,E00007337,0.0,0.0,18469.5,0.0,1074.96,8.41,0.0,0.0,0.0,0.0,5,2,0,5,3,4,2,0,4,5
981,E00019446,0.0,1455.33,15058.29,0.0,0.0,12540.35,0.0,1715.61,0.0,200.75,2,1,5,0,0,3,0,4,1,8
982,E00010175,0.0,20811.34,2228.94,6169.820000000001,0.0,15954.8,88.75,5233.85,31499.45,0.0,1,3,2,0,4,4,0,4,0,2
983,E00014541,0.0,0.0,0.0,0.0,0.0,73.66,0.0,0.0,9930.34,0.0,1,4,0,7,4,1,4,2,1,2
984,E00002675,0.0,443.36,15589.72,0.0,0.0,6885.91,21.25,0.0,0.0,0.0,1,4,4,5,3,3,0,0,3,3
985,E00021382,0.0,0.0,10033.82,0.0,0.0,0.0,0.0,0.0,3623.4,2146.46,3,2,5,0,3,4,2,3,4,3
986,E00003932,0.0,15637.5,15711.96,0.0,0.0,2751.18,18223.85,3649.8,2027.42,0.0,3,3,6,0,0,3,2,1,1,3
987,E00003300,0.0,13064.23,0.0,0.0,0.0,60019.92,0.0,0.0,0.0,0.0,2,5,6,4,5,4,0,2,1,4
988,E00010398,0.0,0.0,6785.59,53.64,0.0,139.02,1188.78,2703.39,12808.65,0.0,4,3,3,3,0,4,0,0,3,3
989,E00171117,0.0,0.0,16216.59,68.36,0.0,0.0,139.23,0.0,4548.88,0.0,1,1,5,1,1,1,2,4,2,5
990,E00022520,0.0,0.0,0.0,0.0,0.0,0.0,0.0,0.0,12178.73,0.0,4,2,2,0,3,3,0,3,5,2
991,E00014692,0.0,19212.120000000003,0.0,0.0,0.0,69030.51,809.39,0.0,0.0,0.0,1,4,4,6,1,3,3,2,3,6
992,E00005416,0.0,0.0,1840.6,1527.54,0.0,3457.49,8342.35,4263.9,9677.17,0.0,2,3,5,3,3,3,3,4,1,5
993,E00001370,209790.53,84973.18000000001,9398.55,0.0,9259.31,200364.66,0.0,24341.76,500.0,0.0,1,1,6,0,0,4,0,1,2,6
994,E00016909,0.0,4413.66,22497.23,0.0,0.0,4408.49,0.0,4037.69,0.0,0.0,0,2,0,0,4,1,0,4,1,3
995,E00007389,0.0,0.0,19592.52,174.63,0.0,0.0,0.0,0.0,0.0,0.0,4,4,4,3,0,4,0,1,3,5
996,E00004745,0.0,0.0,12650.06,0.0,0.0,0.0,0.0,5.5,412.41,0.0,1,4,4,0,3,1,4,4,1,3
997,E00003086,0.0,0.0,0.0,0.0,0.0,0.0,0.0,0.0,14565.36,0.0,4,4,3,1,3,4,1,4,5,3
998,E00017374,0.0,0.0,65.94,0.0,0.0,13084.0,24938.03,0.0,0.0,0.0,3,6,5,3,5,4,0,4,3,5
999,E00003907,0.0,1517.97,65.53,10.7,0.0,6159.49,0.0,3771.11,17615.36,0.0,0,3,5,6,5,4,3,2,0,8
